SALE TYPE,SOLD DATE,PROPERTY TYPE,ADDRESS,CITY,STATE OR PROVINCE,ZIP OR POSTAL CODE,PRICE,BEDS,BATHS,LOCATION,SQUARE FEET,LOT SIZE,YEAR BUILT,DAYS ON MARKET,$/SQUARE FEET,HOA/MONTH,STATUS,NEXT OPEN HOUSE START TIME,NEXT OPEN HOUSE END TIME,URL (SEE http://www.redfin.com/buy-a-home/comparative-market-analysis FOR INFO ON PRICING),SOURCE,MLS#,FAVORITE,INTERESTED,LATITUDE,LONGITUDE
MLS Listing,,Single Family Residential,10317 183rd Ave E,Bonney Lake,WA,98391,575000,3,2.5,Sky Island,2419,11244,2003,1,238,27,Active,,,http://www.redfin.com/WA/Bonney-Lake/10317-183rd-Ave-E-98391/home/3005422,NWMLS,1665345,N,Y,47.1625521,-122.1900999
MLS Listing,,Single Family Residential,19305 21st Av Ct E,Spanaway,WA,98387,380000,4,2.5,Spanaway,1880,4000,2017,1,202,56,Active,,,http://www.redfin.com/WA/Spanaway/19305-21st-Ave-Ct-E-98387/home/40530732,NWMLS,1669123,N,Y,47.081331,-122.4011244
MLS Listing,,Single Family Residential,672 S Davis St,Buckley,WA,98321,639950,3,2.5,Buckley,2840,6300,2020,1,225,50,Active,,,http://www.redfin.com/WA/Buckley/672-S-Davis-St-98321/home/167468396,NWMLS,1669904,N,Y,47.153549,-122.02299
MLS Listing,,Single Family Residential,7518 Locust Extension Ave E,Bonney Lake,WA,98391,349950,3,1.75,Bonney Lake,920,9387,1990,5,380,,Active,,,http://www.redfin.com/WA/Bonney-Lake/7518-Locust-Ave-E-98391/home/23093444,NWMLS,1669094,N,Y,47.188442,-122.180083
MLS Listing,,Single Family Residential,860 Hyak Way,Fox Island,WA,98333,679000,4,3.5,Fox Island,3248,55321,1972,12,209,,Active,,,http://www.redfin.com/WA/Fox-Island/860-Hyak-Way-Fi-98333/home/2361014,NWMLS,1664111,N,Y,47.2474486,-122.6236607
MLS Listing,,Single Family Residential,3902 Spyglass Dr NE,Tacoma,WA,98422,629950,4,3.5,Northshore,3034,9105,1999,13,208,30,Active,,,http://www.redfin.com/WA/Tacoma/3902-Spyglass-Dr-NE-98422/home/2864813,NWMLS,1664614,N,Y,47.2924503,-122.3925765
MLS Listing,,Single Family Residential,8103 S 15th St,Tacoma,WA,98465,919900,4,3,Tacoma,3020,7831,2015,14,305,46,Active,,,http://www.redfin.com/WA/Tacoma/8103-S-15th-St-98465/home/55740681,NWMLS,1663899,N,Y,47.2467419,-122.5459864
MLS Listing,,Single Family Residential,1006 Antonie Ln NW,Orting,WA,98360,479900,5,2.5,Orting,2798,5523,2017,19,172,31,Active,,,http://www.redfin.com/WA/Orting/1006-Antonie-Ln-NW-98360/home/142969620,NWMLS,1660823,N,Y,47.1068412,-122.2276317
MLS Listing,,Single Family Residential,4321 Soundview Dr W,University Place,WA,98466,499900,3,1.5,Sunset Beach,1788,8674,1957,19,280,,Active,,,http://www.redfin.com/WA/University-Place/4321-Soundview-Dr-W-98466/home/2968100,NWMLS,1661280,N,Y,47.217091,-122.566458
MLS Listing,,Single Family Residential,12502 Tanager Dr NW,Gig Harbor,WA,98332,2100000,4,4,Canterwood,7016,25073,2004,58,299,145,Active,,,http://www.redfin.com/WA/Gig-Harbor/12502-Tanager-Dr-NW-98332/home/2806271,NWMLS,1640406,N,Y,47.3710214,-122.5996032
MLS Listing,,Condo/Co-op,320 E 32nd St #205,Tacoma,WA,98404,485000,2,2,Tacoma,1603,,2002,63,303,485,Active,,,http://www.redfin.com/WA/Tacoma/320-E-32nd-St-98404/unit-205/home/3024887,NWMLS,1637659,N,Y,47.2325324,-122.4284228
MLS Listing,,Single Family Residential,1610 19th Av Ct,Milton,WA,98354,524000,3,2,Milton,1716,9000,1999,69,305,,Active,,,http://www.redfin.com/WA/Milton/1610-19th-Ave-Ct-98354/home/2931509,NWMLS,1635093,N,Y,47.2453323,-122.3086471
MLS Listing,,Vacant Land,3622 45th St NE,Tacoma,WA,98422,349000,0,,Ne Tacoma,,13728,,77,,,Active,,,http://www.redfin.com/WA/Tacoma/3622-45th-St-NE-98422/home/23044975,NWMLS,1630485,N,Y,47.297802,-122.397493
MLS Listing,,Single Family Residential,8307 83rd St Ct NW,Gig Harbor,WA,98332,874000,3,2.75,Gig Harbor,3672,33688,2002,90,238,,Active,,,http://www.redfin.com/WA/Gig-Harbor/8307-83rd-St-Ct-NW-98332/home/2759483,NWMLS,1622887,N,Y,47.3321308,-122.6506705
MLS Listing,,Single Family Residential,9521 62nd St NW,Gig Harbor,WA,98335,749995,4,2.25,Gig Harbor,3229,43592,1998,98,232,,Active,,,http://www.redfin.com/WA/Gig-Harbor/9521-62nd-St-NW-98335/home/2379160,NWMLS,1615744,N,Y,47.3135927,-122.6664284
MLS Listing,,Single Family Residential,7801 108th St NW,Gig Harbor,WA,98332,850000,3,4,Rosedale,4070,22874,2004,177,209,21,Active,,,http://www.redfin.com/WA/Gig-Harbor/7801-108th-St-NW-98332/home/2994913,NWMLS,1586286,N,Y,47.356664,-122.6434145
MLS Listing,,Single Family Residential,7312 Plant Dr NW,Gig Harbor,WA,98335,899950,2,0.75,Gig Harbor,984,68500,1930,310,915,,Active,,,http://www.redfin.com/WA/Gig-Harbor/7312-Plant-Dr-NW-98335/home/23096875,NWMLS,1543275,N,Y,47.323752,-122.660727
MLS Listing,,Single Family Residential,31420 4th Ave E,Roy,WA,98580,530000,3,2,Roy,1594,198198,1981,1,332,,Active,,,http://www.redfin.com/WA/Roy/31420-4th-Ave-E-98580/home/2520912,NWMLS,1671342,N,Y,46.9707569,-122.4274223
MLS Listing,,Single Family Residential,1425 S 42nd St,Tacoma,WA,98418,349950,5,1,South Tacoma,1610,4736,1917,1,217,,Active,,,http://www.redfin.com/WA/Tacoma/1425-S-42nd-St-98418/home/2940008,NWMLS,1668093,N,Y,47.2193995,-122.4537454
MLS Listing,,Single Family Residential,1606 128 St E,Tacoma,WA,98445,439950,3,2,Parkland,1800,45302,1941,1,244,,Active,,,http://www.redfin.com/WA/Tacoma/1606-128th-St-E-98445/home/2965860,NWMLS,1669052,N,Y,47.1402382,-122.4070345
MLS Listing,,Single Family Residential,10809 Shawnee Rd E,Puyallup,WA,98374,1485000,3,3,Shaw Road,3233,27709,2015,1,459,,Active,,,http://www.redfin.com/WA/Puyallup/10809-Shawnee-Rd-E-98374/home/40283512,NWMLS,1668000,N,Y,47.1570573,-122.2417977
MLS Listing,,Townhouse,10225 Lexington Ave SW,Lakewood,WA,98499,449950,4,2.5,Lakewood,1699,3512,2020,1,265,,Active,,,http://www.redfin.com/WA/Lakewood/10225-Lexington-Ave-SW-98499/home/168161132,NWMLS,1670262,N,Y,47.16409,-122.5228
MLS Listing,,Single Family Residential,3568 E N St,Tacoma,WA,98404,380000,3,1.75,McKinley,1308,12160,1910,1,291,,Active,,,http://www.redfin.com/WA/Tacoma/3568-E-N-St-98404/home/2591415,NWMLS,1663066,N,Y,47.2274089,-122.4114139
MLS Listing,,Single Family Residential,14601 115th Av Ct E,Puyallup,WA,98374,464950,3,2.5,South Hill,1947,18001,1994,1,239,29,Active,,,http://www.redfin.com/WA/Puyallup/14601-115th-Ave-Ct-E-98374/home/2927808,NWMLS,1671251,N,Y,47.1232197,-122.2748993
MLS Listing,,Single Family Residential,1111 97th St E,Tacoma,WA,98445,375000,3,1,Midland,1464,13503,1908,1,256,,Active,,,http://www.redfin.com/WA/Tacoma/1111-97th-St-E-98445/home/2553613,NWMLS,1670096,N,Y,47.1693935,-122.4145667
MLS Listing,,Single Family Residential,30610 70th Ave E,Graham,WA,98338,550000,4,2.5,Graham,2800,217800,2005,1,196,,Active,,,http://www.redfin.com/WA/Graham/30610-70th-Ave-E-98338/home/3040896,NWMLS,1671037,N,Y,46.978001,-122.341539
MLS Listing,,Single Family Residential,7107 92 Av Ct SW,Lakewood,WA,98498,449000,3,2,Oakbrook,2100,9000,1981,1,214,,Active,,,http://www.redfin.com/WA/Tacoma/7107-92nd-Ave-Ct-SW-98498/home/2984046,NWMLS,1669623,N,Y,47.1924442,-122.5596131
MLS Listing,,Single Family Residential,11504 48th St E,Edgewood,WA,98372,575000,3,2,Edgewood,2704,38333,1948,1,213,,Active,,,http://www.redfin.com/WA/Edgewood/11504-48th-St-E-98372/home/2677984,NWMLS,1663743,N,Y,47.2128698,-122.2765918
MLS Listing,,Single Family Residential,6217 Wildaire Rd SW,Lakewood,WA,98499,339950,3,1.75,Lakewood,2113,11000,1946,1,161,,Active,,,http://www.redfin.com/WA/Lakewood/6217-Wildaire-Rd-SW-98499/home/2976847,NWMLS,1670446,N,Y,47.1605149,-122.519779
MLS Listing,,Single Family Residential,1118 28th Av Ct SW,Puyallup,WA,98373,724000,3,3.5,Puyallup,3154,7598,2017,1,230,61,Active,,,http://www.redfin.com/WA/Puyallup/1118-28th-Ave-Ct-SW-98373/home/112378982,NWMLS,1670164,N,Y,47.1641631,-122.30758
MLS Listing,,Vacant Land,775 Eatonville Hwy E,Eatonville,WA,98328,350000,0,,Eatonville,,150718,,1,,,Active,,,http://www.redfin.com/WA/Eatonville/775-Eatonville-Hwy-E-98328/home/23080869,NWMLS,1671069,N,Y,46.8645049,-122.2776133
MLS Listing,,Vacant Land,651 Eatonville Hwy E,Eatonville,WA,98328,290000,0,,Eatonville,,126324,,1,,,Active,,,http://www.redfin.com/WA/Eatonville/651-Eatonville-Hwy-E-98328/home/23080889,NWMLS,1671078,N,Y,46.8645999,-122.276265
MLS Listing,,Single Family Residential,6428 Fawcett Ave,Tacoma,WA,98408,305000,2,1,Hillsdale,946,6360,1909,1,322,,Active,,,http://www.redfin.com/WA/Tacoma/6428-Fawcett-Ave-98408/home/2946805,NWMLS,1670859,N,Y,47.1982087,-122.4381261
MLS Listing,,Single Family Residential,7119 36th St W,University Place,WA,98446,599000,3,2.5,University Place,2608,10530,1978,1,230,,Active,,,http://www.redfin.com/WA/University-Place/7119-36th-St-W-98466/home/2985535,NWMLS,1671166,N,Y,47.226126,-122.5326222
MLS Listing,,Multi-Family (2-4 Unit),167 S 67th St,Tacoma,WA,98408,349500,3,2,Hillsdale,1500,6250,1941,1,233,,Active,,,http://www.redfin.com/WA/Tacoma/167-S-67th-St-98408/home/2942799,NWMLS,1670812,N,Y,47.1967571,-122.4333525
MLS Listing,,Mobile/Manufactured Home,7910 173rd Ave NW,Vaughn,WA,98394,350000,3,1.75,Vaughn,1782,50530,1995,1,196,,Active,,,http://www.redfin.com/WA/Vaughn/7910-173rd-Ave-NW-98394/home/2336756,NWMLS,1661148,N,Y,47.3290734,-122.7687282
MLS Listing,,Vacant Land,14611 Purdy Dr NW,Gig Harbor,WA,98332,125000,0,,Purdy,,71613,,1,,,Active,,,http://www.redfin.com/WA/Gig-Harbor/14611-Purdy-Dr-98332/home/22788943,NWMLS,1669133,N,Y,47.3915314,-122.6220028
MLS Listing,,Vacant Land,14715 Purdy Dr NW,Gig Harbor,WA,98332,225000,0,,Purdy,,136561,,1,,,Active,,,http://www.redfin.com/WA/Gig-Harbor/14715-Purdy-Dr-98332/home/22766927,NWMLS,1669210,N,Y,47.3923172,-122.6219719
MLS Listing,,Single Family Residential,9222 Ohop Valley Rd E,Eatonville,WA,98328,525000,3,2,Eatonville,2109,87120,2020,1,249,,Active,,,http://www.redfin.com/WA/Eatonville/9222-Ohop-Valley-Rd-E-98328/home/22791013,NWMLS,1671211,N,Y,46.8765969,-122.309939
MLS Listing,,Single Family Residential,816 S 72 St,Tacoma,WA,98408,345000,4,1.75,South Tacoma,1500,6270,1956,1,230,,Active,,,http://www.redfin.com/WA/Tacoma/816-S-72nd-St-98408/home/2941646,NWMLS,1669680,N,Y,47.19167,-122.4442782
MLS Listing,,Single Family Residential,5922 Gerlings Dr SW,Lakewood,WA,98499,330000,3,1.5,Lakewood,1194,6980,1953,1,276,,Active,,,http://www.redfin.com/WA/Lakewood/5922-Gerlings-Dr-SW-98499/home/2946957,NWMLS,1667833,N,Y,47.1742165,-122.5165446
MLS Listing,,Single Family Residential,1509 31st Ave SW,Puyallup,WA,98373,500000,3,2,Puyallup,2186,29003,1977,1,229,,Active,,,http://www.redfin.com/WA/Puyallup/1509-31st-Ave-SW-98373/home/2954954,NWMLS,1670076,N,Y,47.1624664,-122.3134422
MLS Listing,,Single Family Residential,8505 130th St E,Puyallup,WA,98373,374500,3,2.5,Puyallup,1778,4350,2003,1,211,18,Active,,,http://www.redfin.com/WA/Puyallup/8505-130th-St-E-98373/home/3024766,NWMLS,1670954,N,Y,47.138381,-122.3163791
MLS Listing,,Single Family Residential,820 S Anderson St,Tacoma,WA,98405,260000,2,1,Tacoma,1031,3750,1921,1,252,,Active,,,http://www.redfin.com/WA/Tacoma/820-S-Anderson-St-98405/home/2901936,NWMLS,1670792,N,Y,47.2529304,-122.4727484
MLS Listing,,Single Family Residential,8602 132nd St E,Puyallup,WA,98373,399000,3,2.5,South Hill,1742,3904,1999,1,229,,Active,,,http://www.redfin.com/WA/Puyallup/8602-132nd-St-E-98373/home/2931069,NWMLS,1670175,N,Y,47.1362948,-122.3145568
MLS Listing,,Single Family Residential,21105 82nd St E,Bonney Lake,WA,98391,459990,4,2.75,Springhaven,2438,6903,2003,1,189,21,Active,,,http://www.redfin.com/WA/Bonney-Lake/21105-82nd-St-E-98391/home/3005673,NWMLS,1670554,N,Y,47.183247,-122.1468148
MLS Listing,,Single Family Residential,12009 Peacock Hill Dr NW,Gig Harbor,WA,98332,599500,2,2,Peacock Hill,1440,366775,1981,1,416,,Active,,,http://www.redfin.com/WA/Gig-Harbor/12009-Peacock-Hill-Ave-98332/home/2508911,NWMLS,1669724,N,Y,47.367723,-122.5861681
MLS Listing,,Single Family Residential,321 S Sergeant St #128,Buckley,WA,98321,464630,4,2.5,Buckley,2464,6000,2020,1,189,46,Active,,,http://www.redfin.com/WA/Buckley/321-S-Sergeant-St-98321/unit-128/home/173323804,NWMLS,1671087,N,Y,47.159234,-122.0133202
MLS Listing,,Single Family Residential,11257 12th Ave S,Tacoma,WA,98444,309950,2,1,Parkland,960,7500,1930,1,323,,Active,,,http://www.redfin.com/WA/Parkland/11257-12th-Ave-S-98444/home/2921367,NWMLS,1670959,N,Y,47.15434,-122.4497534
MLS Listing,,Single Family Residential,19524 26th Av Ct E,Spanaway,WA,98387,424950,6,2.5,Frederickson,2351,5401,2010,1,181,37,Active,,,http://www.redfin.com/WA/Spanaway/19524-26th-Ave-Ct-E-98387/home/22780987,NWMLS,1671064,N,Y,47.0790522,-122.3948252
MLS Listing,,Condo/Co-op,13507 97th E #303,Puyallup,WA,98373,229000,2,2,Puyallup,910,2252,2009,1,252,350,Active,,,http://www.redfin.com/WA/Puyallup/13507-97th-Ave-E-98373/unit-303/home/23421834,NWMLS,1668901,N,Y,47.133604,-122.2991035
MLS Listing,,Single Family Residential,1118 31st St NW,Puyallup,WA,98371,418000,3,2.5,Puyallup Valley,2066,4250,2018,1,202,35,Active,,,http://www.redfin.com/WA/Puyallup/1118-31st-St-NW-98371/home/125646277,NWMLS,1664583,N,Y,47.2015193,-122.334692
MLS Listing,,Vacant Land,10907 Shawnee Rd E,Puyallup,WA,98374,370000,0,,Puyallup,,21360,,1,,,Active,,,http://www.redfin.com/WA/Puyallup/10907-Shawnee-Rd-E-98374/home/26838774,NWMLS,1671020,N,Y,47.1559424,-122.2430739
MLS Listing,,Single Family Residential,17018 76th St Ct E,Sumner,WA,98390,524990,4,3,Bonney Lake,2590,17859,1976,1,203,,Active,,,http://www.redfin.com/WA/Sumner/17018-76th-St-Ct-E-98390/home/2699264,NWMLS,1670619,N,Y,47.1884031,-122.2018953
MLS Listing,,Vacant Land,Valley View Dr,Puyallup,WA,98372,200000,0,,Puyallup,,111078,,1,,,Active,,,http://www.redfin.com/WA/Puyallup/Valley-View-Dr-98372/home/145104771,NWMLS,1668961,N,Y,47.178535,-122.261827
MLS Listing,,Single Family Residential,1400 Valley View Dr,Puyallup,WA,98372,400000,3,1,Puyallup,1679,15061,1955,1,238,,Active,,,http://www.redfin.com/WA/Puyallup/1400-Valley-View-Dr-98372/home/12408440,NWMLS,1668962,N,Y,47.1783306,-122.2633215
MLS Listing,,Single Family Residential,17317 29th Ave E,Tacoma,WA,98445,365000,3,2,Tacoma,1595,7545,1998,1,229,26,Active,,,http://www.redfin.com/WA/Tacoma/17317-29th-Ave-E-98445/home/2870876,NWMLS,1669013,N,Y,47.0994459,-122.3901089
MLS Listing,,Single Family Residential,2703 8th St SE,Puyallup,WA,98374,385000,4,2.5,Puyallup,1876,2260,2003,1,205,38,Active,,,http://www.redfin.com/WA/Puyallup/2703-8th-St-SE-98374/home/2999908,NWMLS,1670983,N,Y,47.1653934,-122.2840995
MLS Listing,,Single Family Residential,24016 70th Av Ct E,Graham,WA,98338,349950,3,1.75,Graham,1338,12197,1995,1,262,12,Active,,,http://www.redfin.com/WA/Graham/24016-70th-Ave-Ct-E-98338/home/2927912,NWMLS,1670893,N,Y,47.0382337,-122.3374331
MLS Listing,,Single Family Residential,19110 17th St SW,Lakebay,WA,98349,330000,3,1.75,Lakebay,1609,8000,2020,1,205,13,Active,,,http://www.redfin.com/WA/Lakebay/19110-17th-St-SW-98349/home/22762772,NWMLS,1668216,N,Y,47.241954,-122.792356
MLS Listing,,Single Family Residential,8706 153rd St E,Puyallup,WA,98375,450000,4,2.5,Puyallup,2872,5697,2005,1,157,50,Active,,,http://www.redfin.com/WA/Puyallup/8706-153rd-St-E-98375/home/3035988,NWMLS,1669894,N,Y,47.117096,-122.3128901
MLS Listing,,Single Family Residential,3709 27th St SE,Puyallup,WA,98374,469990,3,2.75,Manorwood,2703,11687,1978,1,174,,Active,,,http://www.redfin.com/WA/Puyallup/3709-27th-St-SE-98374/home/2910883,NWMLS,1670952,N,Y,47.1553533,-122.2581993
MLS Listing,,Single Family Residential,8008 237th St Ct E,Graham,WA,98338,525950,4,2.5,Bethel,3202,15595,2014,1,164,50,Active,,,http://www.redfin.com/WA/Graham/8008-237th-St-Ct-E-98338/home/22755616,NWMLS,1670769,N,Y,47.0408531,-122.3235029
MLS Listing,,Single Family Residential,18809 3rd St E,Lake Tapps,WA,98391,830000,4,2.5,Bridlecreek,3384,95507,1998,1,245,54,Active,,,http://www.redfin.com/WA/Lake-Tapps/18809-3rd-St-E-98391/home/2953450,NWMLS,1667373,N,Y,47.256767,-122.176912
MLS Listing,,Single Family Residential,616 186th St E,Spanaway,WA,98387,345888,3,1.5,Spanaway,1136,9587,1979,1,304,,Active,,,http://www.redfin.com/WA/Spanaway/616-186th-St-E-98387/home/2722418,NWMLS,1669678,N,Y,47.087828,-122.4231953
MLS Listing,,Single Family Residential,8652 SW Onyx Dr SW Unit B,Lakewood,WA,98498,299950,2,1.5,Oakbrook,1351,1625,1970,1,222,230,Active,,,http://www.redfin.com/WA/Lakewood/8652-Onyx-Dr-SW-98498/unit-B/home/2934647,NWMLS,1670121,N,Y,47.185237,-122.550393
MLS Listing,,Vacant Land,7913 329th St S,Roy,WA,98580,39000,0,,McKenna,,104108,,1,,,Active,,,http://www.redfin.com/WA/Roy/7913-329th-St-S-98580/home/2428050,NWMLS,1670915,N,Y,46.959117,-122.536463
MLS Listing,,Single Family Residential,28912 13th Av Ct E,Roy,WA,98580,475000,4,2.25,Bethel,1792,219107,1978,1,265,,Active,,,http://www.redfin.com/WA/ROY/28912-13TH-AVENUE-CT-E-98580/home/2517919,NWMLS,1670594,N,Y,46.993614,-122.415218
MLS Listing,,Single Family Residential,13633 196th Ave E,Bonney Lake,WA,98391,619000,4,2.5,Tehaleh,3232,5400,2018,1,192,68,Active,,,http://www.redfin.com/WA/Bonney-Lake/13633-196th-Ave-E-98391/home/112941930,NWMLS,1670840,N,Y,47.1326574,-122.167943
MLS Listing,,Vacant Land,10707 Pioneer Dr,Anderson Island,WA,98303,19900,0,,Anderson Island,,8484,,1,,,Active,,,http://www.redfin.com/WA/Anderson-Island/10707-Pioneer-Dr-98303/home/23089479,NWMLS,1669770,N,Y,47.159832,-122.6927981
MLS Listing,,Single Family Residential,707 N 10th St,Tacoma,WA,98403,539950,4,0.75,North Tacoma,2379,4740,1900,1,227,,Active,,,http://www.redfin.com/WA/Tacoma/707-N-10th-St-98403/home/2714287,NWMLS,1670451,N,Y,47.2675195,-122.4620378
MLS Listing,,Single Family Residential,3705 N Orchard St,Tacoma,WA,98407,619950,3,2.5,North Tacoma,2009,6000,2020,1,309,,Active,,,http://www.redfin.com/WA/Tacoma/3705-N-Orchard-St-98407/home/167443724,NWMLS,1670862,N,Y,47.282307,-122.504783
MLS Listing,,Vacant Land,15521 Portland Ave SW,Lakewood,WA,98498,299950,0,,American Lake,,10000,,1,,,Active,,,http://www.redfin.com/WA/Lakewood/15521-Portland-Ave-SW-98498/home/2721172,NWMLS,1670355,N,Y,47.1212899,-122.5617954
MLS Listing,,Single Family Residential,12112 132nd Av Ct E,Puyallup,WA,98374,475000,3,2.75,Puyallup Valley,2940,41382,1979,1,162,,Active,,,http://www.redfin.com/WA/Puyallup/12112-132nd-Ave-Ct-E-98374/home/2665142,NWMLS,1670829,N,Y,47.146207,-122.253359
MLS Listing,,Vacant Land,12706 PACIFIC Hwy SW,Lakewood,WA,98499,140000,0,,Lakewood,,5737,,1,,,Active,,,http://www.redfin.com/WA/Lakewood/12706-Pacific-Hwy-SW-98499/home/146682522,NWMLS,1670237,N,Y,47.1420701,-122.5173509
MLS Listing,,Condo/Co-op,13157 175th Ave E Unit S1,Bonney Lake,WA,98391,350950,3,2.5,Tehaleh,1730,1730,2021,1,203,318,Active,,,http://www.redfin.com/WA/Bonney-Lake/13157-175th-Ave-E-98391/unit-S1/home/173320846,NWMLS,1670820,N,Y,47.1517377,-122.1977394
MLS Listing,,Single Family Residential,1339 Fawcett Ave,Tacoma,WA,98402,389900,3,1.5,Tacoma,1644,6000,1900,1,237,,Active,,,http://www.redfin.com/WA/Tacoma/1339-Fawcett-Ave-98402/home/2708505,NWMLS,1670529,N,Y,47.2494493,-122.4418583
MLS Listing,,Single Family Residential,5711 E M St,Tacoma,WA,98404,299900,2,1,Tacoma,780,6000,1942,1,384,,Active,,,http://www.redfin.com/WA/Tacoma/5711-E-M-St-98404/home/2942271,NWMLS,1669068,N,Y,47.2048241,-122.4113318
MLS Listing,,Condo/Co-op,13157 175th Ave E Unit M-2,Bonney Lake,WA,98391,324950,3,2.5,Tehaleh,1567,,2021,1,207,318,Active,,,http://www.redfin.com/WA/Bonney-Lake/13157-175th-Ave-E-98391/unit-M-2/home/173320728,NWMLS,1670804,N,Y,47.1517377,-122.1977394
MLS Listing,,Single Family Residential,13605 13th Ave NW,Gig Harbor,WA,98332,558500,3,2,Point Richmond,2040,16841,2000,1,274,33,Active,,,http://www.redfin.com/WA/Gig-Harbor/13605-13th-Ave-NW-98332/home/2814350,NWMLS,1669754,N,Y,47.3817932,-122.5557154
MLS Listing,,Single Family Residential,7601 S Park Ave,Tacoma,WA,98408,272500,2,1,Fern Hill,918,5000,1940,1,297,,Active,,,http://www.redfin.com/WA/Tacoma/7601-S-Park-Ave-98408/home/2788299,NWMLS,1670124,N,Y,47.1881181,-122.4416431
MLS Listing,,Single Family Residential,4001 Tribute Ave E,Fife,WA,98424,395000,3,2.5,Radiance,1618,3080,2005,1,244,36,Active,,,http://www.redfin.com/WA/Fife/4001-Tribute-Ave-E-98424/home/3036603,NWMLS,1670287,N,Y,47.2208907,-122.3385853
MLS Listing,,Single Family Residential,1715 S 48th St,Tacoma,WA,98408,399950,5,2.5,Tacoma,2953,18982,2003,1,135,,Active,,,http://www.redfin.com/WA/Tacoma/1715-S-48th-St-98408/home/12406032,NWMLS,1670342,N,Y,47.2141316,-122.4590965
MLS Listing,,Multi-Family (2-4 Unit),14314 16 45th Av Ct NW,Gig Harbor,WA,98332,525000,4,4,Peacock Hill,2356,24739,1990,1,223,,Active,,,http://www.redfin.com/WA/Gig-Harbor/14314-45th-Avenue-Ct-NW-98332/home/173320587,NWMLS,1670223,N,Y,47.3884973,-122.5991726
MLS Listing,,Single Family Residential,3701 48th St Ct,Gig Harbor,WA,98335,485000,3,2,Point Fosdick,1556,9085,1993,1,312,4,Active,,,http://www.redfin.com/WA/Gig-Harbor/3701-48th-St-Ct-98335/home/2808927,NWMLS,1669975,N,Y,47.3025563,-122.5887436
MLS Listing,,Single Family Residential,18918 88th Ave E,Puyallup,WA,98375,474999,4,2.5,South Hill,2664,7728,2001,1,178,,Active,,,http://www.redfin.com/WA/Puyallup/18918-88th-Ave-E-98375/home/2996089,NWMLS,1670711,N,Y,47.0842302,-122.3127061
MLS Listing,,Single Family Residential,13804 67th Ave E,Puyallup,WA,98373,419900,3,2.5,Puyallup,2220,5000,2017,1,189,39,Active,,,http://www.redfin.com/WA/Puyallup/13804-67th-Ave-E-98373/home/105658955,NWMLS,1670603,N,Y,47.1312677,-122.3395934
MLS Listing,,Single Family Residential,1322 E 63rd St,Tacoma,WA,98404,385000,3,2,Se Tacoma,1260,6000,2003,1,306,,Active,,,http://www.redfin.com/WA/Tacoma/1322-E-63rd-St-98404/home/2916894,NWMLS,1667572,N,Y,47.1996875,-122.4103775
MLS Listing,,Single Family Residential,19313 78th St E,Bonney Lake,WA,98391,375000,3,1.75,Bonney Lake,1203,12621,1983,1,312,,Active,,,http://www.redfin.com/WA/Bonney-Lake/19313-78th-St-E-98391/home/2986834,NWMLS,1670459,N,Y,47.1866475,-122.1697146
MLS Listing,,Multi-Family (2-4 Unit),3901 To 3903 S Yakima Ave,Tacoma,WA,98418,449000,5,2,Lincoln,1848,4200,1919,1,243,,Active,,,http://www.redfin.com/WA/Tacoma/3903-S-Yakima-Ave-98418/home/2978561,NWMLS,1668097,N,Y,47.221389,-122.443066
MLS Listing,,Single Family Residential,7701 118th St E,Puyallup,WA,98373,319990,3,1,South Hill,1344,11592,1963,1,238,,Active,,,http://www.redfin.com/WA/Puyallup/7701-118th-St-E-98373/home/2826420,NWMLS,1670536,N,Y,47.149598,-122.3268022
MLS Listing,,Single Family Residential,2223 (Lot 32) 48th St Ct NW,Gig Harbor,WA,98335,861450,2,1.5,Gig Harbor,3043,8675,2021,1,283,65,Active,,,http://www.redfin.com/WA/Gig-Harbor/2223-48th-Street-Ct-NW-98335/home/170076445,NWMLS,1670596,N,Y,47.302393,-122.5699397
MLS Listing,,Single Family Residential,1314 Hansberry Ave NE,Orting,WA,98360,450000,6,3,Orting,3072,7205,2006,1,146,40,Active,,,http://www.redfin.com/WA/Orting/1314-Hansberry-Ave-NE-98360/home/12244397,NWMLS,1670317,N,Y,47.1159463,-122.2215206
MLS Listing,,Single Family Residential,19321 26th Av Ct E,Spanaway,WA,98387,414990,4,2.5,Spanaway,2352,6832,2012,1,176,,Active,,,http://www.redfin.com/WA/Spanaway/19321-26th-Ave-Ct-E-98387/home/22780999,NWMLS,1670585,N,Y,47.0803297,-122.3938582
MLS Listing,,Single Family Residential,19508 64th St E,Bonney Lake,WA,98391,430000,3,1,Bonney Lake,1500,17200,1983,1,287,35,Active,,,http://www.redfin.com/WA/Bonney-Lake/19508-64th-St-E-98391/home/2781885,NWMLS,1670091,N,Y,47.1988118,-122.1688571
MLS Listing,,Mobile/Manufactured Home,1510 Key Peninsula Hwy SW,Lakebay,WA,98349,320000,4,2,Lakebay,1836,44431,2005,1,174,,Active,,,http://www.redfin.com/WA/Lakebay/1510-Key-Peninsula-Hwy-SW-98349/home/3034002,NWMLS,1662901,N,Y,47.2431362,-122.7719326
MLS Listing,,Single Family Residential,1063 Paiute Trl,Fox Island,WA,98333,650000,3,2,Fox Island,1872,15000,2005,1,347,,Active,,,http://www.redfin.com/WA/Fox-Island/1063-Paiute-Trl-98333/home/3035313,NWMLS,1670503,N,Y,47.2226588,-122.6122649
MLS Listing,,Townhouse,5309 147th St Ct E #10,Tacoma,WA,98446,270000,2,2.25,Parkland,1410,,2007,1,191,160,Active,,,http://www.redfin.com/WA/Tacoma/5309-147th-Street-Ct-E-98446/unit-10/home/173319530,NWMLS,1669620,N,Y,47.121962,-122.358588
MLS Listing,,Single Family Residential,2417 (Lot 42) 48th St Ct NW,Gig Harbor,WA,98335,861450,2,1.5,Gig Harbor,3043,8675,2021,1,283,65,Active,,,http://www.redfin.com/WA/Gig-Harbor/2417-48th-St-Ct-NW-98335/home/167443252,NWMLS,1670496,N,Y,47.3023968,-122.5718596
MLS Listing,,Single Family Residential,14628 80th Ave E,Puyallup,WA,98375,399950,4,2.5,South Hill,1707,4060,2004,1,234,30,Active,,,http://www.redfin.com/WA/Puyallup/14628-80th-Ave-E-98375/home/3029818,NWMLS,1668709,N,Y,47.1230662,-122.3233943
MLS Listing,,Vacant Land,16207 129th Av Ct E,Puyallup,WA,98374,149500,0,,Puyallup,,42300,,1,,,Active,,,http://www.redfin.com/WA/Puyallup/16207-129th-Ave-Ct-E-98374/home/23053584,NWMLS,1669931,N,Y,47.108612,-122.256664
MLS Listing,,Single Family Residential,7409 S alaska,Tacoma,WA,98408,399777,5,2,South Tacoma,1979,10890,1962,1,202,,Active,,,http://www.redfin.com/WA/Tacoma/7409-S-Alaska-St-98408/home/2986605,NWMLS,1665710,N,Y,47.1896902,-122.4574936
MLS Listing,,Condo/Co-op,1821 McNeil Cir Unit D-3,Dupont,WA,98327,319950,3,1.75,Dupont,1344,3920,2001,1,238,387,Active,,,http://www.redfin.com/WA/DuPont/1821-McNeil-Cir-98327/unit-D-3/home/3002377,NWMLS,1670155,N,Y,47.0938892,-122.6515406
MLS Listing,,Vacant Land,1408 128th St E,Tacoma,WA,98445,150000,0,,Parkland,,37026,,1,,,Active,,,http://www.redfin.com/WA/Tacoma/1408-128th-St-E-98445/home/173316760,NWMLS,1670299,N,Y,47.1400698,-122.4100902
MLS Listing,,Single Family Residential,321 7th Ave NW,Puyallup,WA,98371,280000,3,1,Downtown,1008,4600,1900,2,278,,Active,,,http://www.redfin.com/WA/Puyallup/321-7th-Ave-NW-98371/home/2681317,NWMLS,1669682,N,Y,47.1974012,-122.2979688
MLS Listing,,Single Family Residential,7844 S Wilkeson St,Tacoma,WA,98408,392500,3,1.5,South Tacoma,1708,10025,1962,2,230,,Active,,,http://www.redfin.com/WA/Tacoma/7844-S-Wilkeson-St-98408/home/2838128,NWMLS,1668938,N,Y,47.1848851,-122.4593809
MLS Listing,,Single Family Residential,133 Washington Ave N,Eatonville,WA,98328,485000,3,2.5,Eatonville,2098,11900,1920,2,231,,Active,,,http://www.redfin.com/WA/Eatonville/133-Washington-Ave-N-98328/home/173314252,NWMLS,1669488,N,Y,46.8687487,-122.2651137
MLS Listing,,Single Family Residential,1818 S Hosmer St,Tacoma,WA,98404,299950,3,2,Central Tacoma,1568,7182,1948,2,191,,Active,,,http://www.redfin.com/WA/Tacoma/1818-S-Hosmer-St-98405/home/2922718,NWMLS,1669801,N,Y,47.2432967,-122.4619065
MLS Listing,,Mobile/Manufactured Home,2500 Alder St #223,Milton,WA,98354,79850,2,1.75,Milton,1344,,1978,2,59,,Active,,,http://www.redfin.com/WA/Milton/2500-Alder-St-98354/unit-223/home/173313706,NWMLS,1669666,N,Y,47.259039,-122.3019033
MLS Listing,,Single Family Residential,33812 66th Ave S,Roy,WA,98580,484000,3,2,Roy,2112,217800,2004,2,229,,Active,,,http://www.redfin.com/WA/Roy/33812-66th-Ave-S-98580/home/2430728,NWMLS,1670188,N,Y,46.950018,-122.5199281
MLS Listing,,Single Family Residential,4815 22nd Av Ct NW,Gig Harbor,WA,98335,824950,3,2.5,Gig Harbor,2315,11203,2021,2,356,65,Active,,,http://www.redfin.com/WA/Gig-Harbor/4815-22nd-Ave-Ct-NW-98335/home/167443235,NWMLS,1669433,N,Y,47.301773,-122.568938
MLS Listing,,Condo/Co-op,13907 37th Av Ct NW,Gig Harbor,WA,98332,324900,2,1,Gig Harbor North,982,12884,1986,2,331,225,Active,,,http://www.redfin.com/WA/Gig-Harbor/13907-37th-Ave-Ct-NW-98332/home/12409629,NWMLS,1670267,N,Y,47.38534,-122.588269
MLS Listing,,Single Family Residential,917 118th St S,Tacoma,WA,98444,310000,3,1,Parkland,992,6250,1987,2,313,,Active,,,http://www.redfin.com/WA/Tacoma/917-118th-St-S-98444/home/2947589,NWMLS,1670198,N,Y,47.1500379,-122.4471516
MLS Listing,,Mobile/Manufactured Home,5701 90th St Ct E #163,Puyallup,WA,98371,254950,3,2,Puyallup,1658,,2002,2,154,,Active,,,http://www.redfin.com/WA/Puyallup/5701-90th-St-Ct-E-98371/unit-163/home/3024352,NWMLS,1670210,N,Y,47.17512,-122.3531037
MLS Listing,,Single Family Residential,5221 S Junett St,Tacoma,WA,98409,310000,4,1,South Tacoma,1723,9000,1922,2,180,,Active,,,http://www.redfin.com/WA/Tacoma/5221-S-Junett-St-98409/home/2592513,NWMLS,1669989,N,Y,47.208914,-122.4747422
MLS Listing,,Single Family Residential,211 S Naches St,Buckley,WA,98321,514950,4,3.5,Buckley,2996,9600,2002,2,172,,Active,,,http://www.redfin.com/WA/Buckley/211-S-Naches-St-98321/home/2991178,NWMLS,1669100,N,Y,47.161393,-122.036578
MLS Listing,,Single Family Residential,11425 94th Ave Ct SW,Lakewood,WA,98498,625000,5,3.25,Lakewood,3324,60166,1962,2,188,,Active,,,http://www.redfin.com/WA/Lakewood/11425-94th-Ave-Ct-SW-98498/home/2802693,NWMLS,1669925,N,Y,47.1529504,-122.5636234
MLS Listing,,Single Family Residential,610 S 40th St,Tacoma,WA,98418,349950,3,1,South Tacoma,1731,3200,1925,2,202,,Active,,,http://www.redfin.com/WA/Tacoma/610-S-40th-St-98418/home/2914128,NWMLS,1666706,N,Y,47.2206504,-122.4397375
MLS Listing,,Vacant Land,12221 Shaw Rd E,Puyallup,WA,98374,2300000,0,,Shaw Road,,245702,,2,,,Active,,,http://www.redfin.com/WA/South-Hill/12221-Shaw-Rd-E-98374/home/23065683,NWMLS,1670101,N,Y,47.145119,-122.258102
MLS Listing,,Mobile/Manufactured Home,221 Ulsh Rd SW,Lakebay,WA,98349,275000,1,1,Lakebay,404,60984,2000,2,681,,Active,,,http://www.redfin.com/WA/Lakebay/221-Ulsh-Rd-SW-98349/home/12409997,NWMLS,1669548,N,Y,47.255356,-122.752171
MLS Listing,,Single Family Residential,5034 S Puget Sound Ave,Tacoma,WA,98409,349900,3,2,Tacoma,1323,2614,1900,2,264,,Active,,,http://www.redfin.com/WA/Tacoma/5034-S-Puget-Sound-Ave-98409/home/2919539,NWMLS,1670002,N,Y,47.2104885,-122.4826429
MLS Listing,,Single Family Residential,13211 105th Av Ct E,Puyallup,WA,98374,498000,3,2.5,South Hill,2184,14374,2019,2,228,,Active,,,http://www.redfin.com/WA/Puyallup/13211-105th-Ave-Ct-E-98374/home/22765260,NWMLS,1668565,N,Y,47.1360042,-122.2880416
MLS Listing,,Vacant Land,9322 Glen Cove Rd,Gig Harbor,WA,98329,260000,0,,Glen Cove,,49658,,2,,,Active,,,http://www.redfin.com/WA/Gig-Harbor/9322-Glencove-Rd-NW-98329/home/173306375,NWMLS,1669939,N,Y,47.342968,-122.7347323
MLS Listing,,Single Family Residential,928 E 60TH St,Tacoma,WA,98404,289000,2,1,Tacoma,896,7200,1948,2,323,,Active,,,http://www.redfin.com/WA/Tacoma/928-E-60th-St-98404/home/2916452,NWMLS,1669976,N,Y,47.2024313,-122.4175483
MLS Listing,,Single Family Residential,18317 138th St E,Bonney Lake,WA,98391,515000,4,2.5,Tehaleh,3096,3838,2015,2,166,65,Active,,,http://www.redfin.com/WA/Bonney-Lake/18317-138th-St-E-98391/home/69366953,NWMLS,1666297,N,Y,47.1273508,-122.1847668
MLS Listing,,Single Family Residential,3118 26th Ave SE,Puyallup,WA,98374,449950,3,2.5,Shaw Road,2111,12995,1988,2,213,,Active,,,http://www.redfin.com/WA/Puyallup/3118-26th-Ave-SE-98374/home/3003180,NWMLS,1650787,N,Y,47.1668888,-122.2510531
MLS Listing,,Single Family Residential,2024 Channel Rd E,Lake Tapps,WA,98391,1175000,4,3.25,Tacoma Pt./Evergreen Pt.,3525,8641,1900,2,333,,Active,,,http://www.redfin.com/WA/Lake-Tapps/2024-Channel-Rd-E-98391/home/2894361,NWMLS,1669676,N,Y,47.2381136,-122.1844518
MLS Listing,,Condo/Co-op,19306 75th St E Unit D-3,Bonney Lake,WA,98390,278000,2,2.5,Bonney Lake,1216,,2005,2,229,135,Active,,,http://www.redfin.com/WA/Bonney-Lake/19306-75th-St-E-98391/unit-D3/home/3033294,NWMLS,1669840,N,Y,47.1911503,-122.1706639
MLS Listing,,Single Family Residential,10808 235th Ct E,Buckley,WA,98321,449995,3,1.75,Bonney Lake/Buckley,1620,20038,1997,2,278,22,Active,,,http://www.redfin.com/WA/Buckley/10808-235th-Ave-Ct-E-98321/home/2952253,NWMLS,1668651,N,Y,47.158147,-122.115315
MLS Listing,,Single Family Residential,2904 63rd Pl SE Lot 1,Auburn,WA,98092,799950,4,3,Lakeland,2788,9972,2020,2,287,57,Active,,,http://www.redfin.com/WA/Auburn/2904-63rd-Pl-SE-98092/unit-1/home/173305642,NWMLS,1669713,N,Y,47.250752,-122.190749
MLS Listing,,Condo/Co-op,1710 135th St E,Tacoma,WA,98445,319950,3,2,Brookdale,1502,6817,1995,3,213,275,Active,,,http://www.redfin.com/WA/Tacoma/1710-135th-St-E-98445/home/2982021,NWMLS,1669655,N,Y,47.134071,-122.40903
MLS Listing,,Single Family Residential,5701 15th St E,Fife,WA,98424,380000,3,1,Fife,1453,14560,1950,3,262,,Active,,,http://www.redfin.com/WA/Fife/5701-15th-St-E-98424/home/2988019,NWMLS,1665783,N,Y,47.2443053,-122.3529564
MLS Listing,,Single Family Residential,3407 86th St S,Lakewood,WA,98499,199950,2,1.5,Lakewood,696,10890,1934,3,287,,Active,,,http://www.redfin.com/WA/Tacoma/3407-86th-St-S-98499/home/2612791,NWMLS,1668976,N,Y,47.1796378,-122.4819813
MLS Listing,,Single Family Residential,18236 107th Ave E #443,Puyallup,WA,98374,419995,4,2.25,South Hill,1900,2550,2020,3,221,40,Active,,,http://www.redfin.com/WA/Puyallup/18236-107th-Avenue-Ct-E-98374/unit-443/home/173304024,NWMLS,1669746,N,Y,47.0893946,-122.2871977
MLS Listing,,Townhouse,1445 E 48TH ST Lot 4-23,Tacoma,WA,98404,385000,3,2.75,East Tacoma,1840,3125,2020,3,209,,Active,,,http://www.redfin.com/WA/Tacoma/1445-E-48th-St-98404/home/125644154,NWMLS,1669707,N,Y,47.2138046,-122.4080429
MLS Listing,,Condo/Co-op,7306 N Skyview Ln Unit I-301,Tacoma,WA,98406,265000,2,1.75,Narrows,1068,2613,1981,4,248,415,Active,,,http://www.redfin.com/WA/Tacoma/7306-Skyview-Ln-N-98406/unit-I301/home/2976673,NWMLS,1661811,N,Y,47.2573316,-122.5325179
MLS Listing,,Single Family Residential,1905 184th St Ct E,Spanaway,WA,98387,399950,3,2,Spanaway,1945,5755,2014,4,206,19,Active,,,http://www.redfin.com/WA/Spanaway/1905-184th-St-Ct-E-98387/home/52353954,NWMLS,1666536,N,Y,47.0894759,-122.4039442
MLS Listing,,Single Family Residential,6714 N 28th St,Tacoma,WA,98407,699500,4,3,North Tacoma,3502,14000,1978,4,200,,Active,,,http://www.redfin.com/WA/Tacoma/6714-N-28th-St-98407/home/2923267,NWMLS,1669646,N,Y,47.2724417,-122.5272615
MLS Listing,,Single Family Residential,18410 110th Ave E #526,Puyallup,WA,98374,434995,4,2.25,South Hill,2156,3208,2020,4,202,40,Active,,,http://www.redfin.com/WA/Puyallup/18410-110th-Ave-E-98374/unit-526/home/173301414,NWMLS,1669628,N,Y,47.0893318,-122.2829525
MLS Listing,,Single Family Residential,12504 Clear Lake North Rd E,Eatonville,WA,98328,399999,1,0.75,Eatonville,532,6250,1930,4,752,,Active,,,http://www.redfin.com/WA/Eatonville/12504-N-Clear-Lake-Rd-E-98328/home/2645894,NWMLS,1668539,N,Y,46.931555,-122.2651091
MLS Listing,,Condo/Co-op,5026 79th Ave Ct E,Fife,WA,98424,239950,2,1,Puyallup Valley,968,7528,1967,4,248,223,Active,,,http://www.redfin.com/WA/Fife/5026-79th-Ave-Ct-E-98424/home/3025201,NWMLS,1669483,N,Y,47.210788,-122.324312
MLS Listing,,Single Family Residential,10710 183rd St E #473,Puyallup,WA,98374,354995,3,1.5,South Hill,1141,3075,2020,4,311,40,Active,,,http://www.redfin.com/WA/Puyallup/10710-183rd-St-E-98374/unit-473/home/173300710,NWMLS,1669615,N,Y,47.0895149,-122.2863525
MLS Listing,,Single Family Residential,10819 Deepwood Dr SW,Lakewood,WA,98498,350000,3,2,Lakewood,1945,12600,1961,4,180,,Active,,,http://www.redfin.com/WA/Tacoma/10819-Deepwood-Dr-SW-98498/home/2821115,NWMLS,1669563,N,Y,47.158496,-122.551442
MLS Listing,,Townhouse,17425 118th Av Ct E #401,Puyallup,WA,98374,301950,2,2.5,Sunrise,1441,1056,2021,4,210,164,Active,,,http://www.redfin.com/WA/South-Hill/17425-118th-Avenue-Ct-E-98374/unit-401/home/173300215,NWMLS,1669580,N,Y,47.0974767,-122.2721297
MLS Listing,,Townhouse,17425 118th Av Ct E #399,Puyallup,WA,98374,301950,2,2.5,Sunrise,1441,1056,2021,4,210,164,Active,,,http://www.redfin.com/WA/South-Hill/17425-118th-Avenue-Ct-E-98374/unit-399/home/173300203,NWMLS,1669579,N,Y,47.0974767,-122.2721297
MLS Listing,,Townhouse,17425 118th Av Ct E #397,Puyallup,WA,98374,337950,2,2.5,Sunrise,1681,1386,2021,4,201,164,Active,,,http://www.redfin.com/WA/South-Hill/17425-118th-Avenue-Ct-E-98374/unit-397/home/173300187,NWMLS,1669577,N,Y,47.0974767,-122.2721297
MLS Listing,,Mobile/Manufactured Home,19108 2nd St Ct NW,Lakebay,WA,98349,150000,3,1.5,Key Peninsula South,1356,86684,1971,4,111,,Active,,,http://www.redfin.com/WA/Lakebay/19108-2nd-St-Ct-NW-98349/home/2345619,NWMLS,1666742,N,Y,47.2597569,-122.7926475
MLS Listing,,Townhouse,17422 118th Av Ct E #464,Puyallup,WA,98374,329950,2,2.5,Sunrise,1537,1178,2019,4,215,164,Active,,,http://www.redfin.com/WA/South-Hill/17422-118th-Avenue-Ct-E-98374/unit-464/home/173300156,NWMLS,1669565,N,Y,47.097298,-122.271975
MLS Listing,,Single Family Residential,11014 37th Av Ct E,Tacoma,WA,98446,334900,3,2.5,Parkland,1600,5580,1995,4,209,260,Active,,,http://www.redfin.com/WA/Tacoma/11014-37th-Ave-Ct-E-98446/home/2866568,NWMLS,1668149,N,Y,47.1558836,-122.3793094
MLS Listing,,Vacant Land,740 Ohop Valley Extension Rd,Eatonville,WA,98328,85000,0,,Eatonville,,92347,,4,,,Active,,,http://www.redfin.com/WA/Eatonville/740-Ohop-Valley-Extension-Rd-N-98328/home/22786445,NWMLS,1669544,N,Y,46.8762309,-122.2776208
MLS Listing,,Single Family Residential,5714 Comte Dr NW,Gig Harbor,WA,98335,865000,6,3.75,Artondale,4694,87991,1984,4,184,,Active,,,http://www.redfin.com/WA/Gig-Harbor/5714-Comte-Dr-NW-98335/home/2767382,NWMLS,1669011,N,Y,47.3192953,-122.6142201
MLS Listing,,Single Family Residential,18913 Lipoma Ave E,Puyallup,WA,98374,375750,3,2,Lipoma Firs,1482,7225,2019,4,254,13,Active,,,http://www.redfin.com/WA/Puyallup/18913-Lipoma-Ave-E-98374/home/167453554,NWMLS,1667934,N,Y,47.085401,-122.273103
MLS Listing,,Vacant Land,11801 Claussen Rd,Anderson Island,WA,98303,134950,0,,Anderson Island,,838530,,4,,,Active,,,http://www.redfin.com/WA/Anderson-Island/11801-Claussen-Rd-98303/home/173299936,NWMLS,1668939,N,Y,47.1554892,-122.7225221
MLS Listing,,Vacant Land,11201 146th Ave,Anderson Island,WA,98303,134950,0,,Anderson Island,,844628,,4,,,Active,,,http://www.redfin.com/WA/Anderson-Island/11201-146th-AVE-98303/home/144801126,NWMLS,1668980,N,Y,47.150684,-122.732387
MLS Listing,,Single Family Residential,8320 72nd Ave NW,Gig Harbor,WA,98332,650000,3,1.75,Rosedale,2000,65776,1981,4,325,,Active,,,http://www.redfin.com/WA/Gig-Harbor/8320-72nd-Ave-NW-98332/home/2368931,NWMLS,1663609,N,Y,47.333587,-122.6349472
MLS Listing,,Vacant Land,7th St Ct NW,Gig Harbor,WA,98335,405000,0,,Point Fosdick,,54450,,4,,,Active,,,http://www.redfin.com/WA/GIG-HARBOR/7TH-STREET-CT-NW-98335/home/22769261,NWMLS,1668334,N,Y,47.263904,-122.596295
MLS Listing,,Single Family Residential,20407 7th Av Ct E,Spanaway,WA,98387,409900,4,2.5,Spanaway,2270,4140,2014,4,181,52,Active,,,http://www.redfin.com/WA/Spanaway/20407-7th-Ave-Ct-E-98387/home/25690566,NWMLS,1668978,N,Y,47.0710757,-122.422019
MLS Listing,,Single Family Residential,1405 S 87th St,Tacoma,WA,98444,359000,3,2,Fern Hill,1319,5400,1994,4,272,,Active,,,http://www.redfin.com/WA/Tacoma/1405-S-87th-St-98444/home/2793443,NWMLS,1669299,N,Y,47.178654,-122.4531221
MLS Listing,,Single Family Residential,18202 118th Ave Ct E,Puyallup,WA,98374,589000,3,3,Sunrise,2697,7000,2004,4,218,55,Active,,,http://www.redfin.com/WA/Puyallup/18202-118th-Ave-Ct-E-98374/home/3003447,NWMLS,1665946,N,Y,47.0935317,-122.2719023
MLS Listing,,Single Family Residential,6907 Rainier Ave,Gig Harbor,WA,98335,889000,3,1.75,In Town,2764,12100,1962,4,322,,Active,,,http://www.redfin.com/WA/Gig-Harbor/6907-Rainier-Ave-98335/home/2775489,NWMLS,1668395,N,Y,47.321119,-122.5770469
MLS Listing,,Single Family Residential,5501 Kennedy Ave SE,Auburn,WA,98092,584500,5,3.5,Auburn,2650,14068,1995,5,221,,Active,,,http://www.redfin.com/WA/Auburn/5501-Kennedy-Ave-SE-98092/home/216893,NWMLS,1667281,N,Y,47.2594999,-122.2156853
MLS Listing,,Vacant Land,6422 198th St E,Spanaway,WA,98387,120000,0,,Frederickson,,8085,,5,,,Active,,,http://www.redfin.com/WA/Spanaway/6422-198th-St-E-98387/home/3009252,NWMLS,1669378,N,Y,47.076555,-122.3432337
MLS Listing,,Single Family Residential,12515 Vine Maple Dr SW,Lakewood,WA,98499,587000,6,2.5,Lakewood,3619,12500,1968,5,162,,Active,,,http://www.redfin.com/WA/Tacoma/12515-Vine-Maple-Dr-SW-98499/home/2901415,NWMLS,1665325,N,Y,47.1432368,-122.5213809
MLS Listing,,Single Family Residential,20311 80th St Ct E (Lot 2),Bonney Lake,WA,98391,619950,4,3.5,Bonney Lake,2603,7824,2020,5,238,35,Active,,,http://www.redfin.com/WA/Bonney-Lake/20311-80th-St-Ct-E-98391/home/145563389,NWMLS,1666020,N,Y,47.184823,-122.157715
MLS Listing,,Single Family Residential,7612 27th St W,University Place,WA,98466,325000,2,0.75,University Place,868,7920,1946,5,374,,Active,,,http://www.redfin.com/WA/University-Place/7612-27th-St-W-98466/home/168809230,NWMLS,1668075,N,Y,47.2350816,-122.539659
MLS Listing,,Single Family Residential,16802 15th Ave E,Spanaway,WA,98387,340000,3,1,Spanaway,1360,10000,1969,5,250,,Active,,,http://www.redfin.com/WA/Spanaway/16802-15th-Ave-E-98387/home/2783388,NWMLS,1663976,N,Y,47.1039944,-122.4099019
MLS Listing,,Single Family Residential,14115 42nd St Ct NW,Gig Harbor,WA,98332,430000,3,1.75,Gig Harbor North,1334,15546,1990,5,322,,Active,,,http://www.redfin.com/WA/Gig-Harbor/14115-42nd-Ave-Ct-NW-98332/home/2803452,NWMLS,1668556,N,Y,47.3871843,-122.5947058
MLS Listing,,Townhouse,21703 104th St Ct E,Bonney Lake,WA,98391,344950,4,2.5,Bonney Lake,1881,2316,2007,5,183,107,Active,,,http://www.redfin.com/WA/Bonney-Lake/21703-104th-St-Ct-E-98391/home/16889339,NWMLS,1664545,N,Y,47.161332,-122.1395999
MLS Listing,,Condo/Co-op,708 Market St #414,Tacoma,WA,98402,529500,3,2.25,Tacoma,1583,,2007,5,334,485,Active,,,http://www.redfin.com/WA/Tacoma/708-Market-St-98402/unit-414/home/12405196,NWMLS,1667702,N,Y,47.2569154,-122.4429656
MLS Listing,,Single Family Residential,302 Pierce St,Steilacoom,WA,98388,750000,3,1.5,Steilacoom,2069,14707,1875,5,362,,Active,,,http://www.redfin.com/WA/Steilacoom/302-Pierce-St-98388/home/2727338,NWMLS,1668752,N,Y,47.1707819,-122.5998983
MLS Listing,,Single Family Residential,3127 292nd St S,Roy,WA,98580,629000,5,3.5,Lacamas,3062,43603,2015,5,205,35,Active,,,http://www.redfin.com/WA/Roy/3127-292nd-St-S-98580/home/54810720,NWMLS,1669110,N,Y,46.9902334,-122.4742513
MLS Listing,,Townhouse,1422 E 47th St Lot 3-11,Tacoma,WA,98404,369950,3,2.5,East Tacoma,1648,3250,2020,5,224,,Active,,,http://www.redfin.com/WA/Tacoma/1422-E-47th-St-98404/home/125644063,NWMLS,1669368,N,Y,47.2141588,-122.4091527
MLS Listing,,Mobile/Manufactured Home,8417 8419 Berkeley Ave SW,Lakewood,WA,98498,400000,5,3,Tillicum,2234,14400,1992,5,179,,Active,,,http://www.redfin.com/WA/Tacoma/8417-8419-Berkeley-Ave-SW-98498/home/2721345,NWMLS,1669308,N,Y,47.120995,-122.559331
MLS Listing,,Single Family Residential,15014 13th Ave S,Spanaway,WA,98387,425000,3,2,Spanaway Lake,1702,30146,1994,5,250,,Active,,,http://www.redfin.com/WA/Spanaway/15014-13th-Ave-S-98387/home/2959308,NWMLS,1667717,N,Y,47.1209126,-122.4530351
MLS Listing,,Single Family Residential,2122 94th (Lot 34) Av Ct E,Edgewood,WA,98371,665900,3,2,Edgewood,1910,8230,2020,5,349,73,Active,,,http://www.redfin.com/WA/Edgewood/2122-94th-Ave-Ct-E-98371/home/168984013,NWMLS,1669340,N,Y,47.237545,-122.30447
MLS Listing,,Multi-Family (2-4 Unit),1605 Norpoint Way NE,Tacoma,WA,98422,1295000,14,7,Ne Tacoma,6720,11147,1984,5,193,,Active,,,http://www.redfin.com/WA/Tacoma/1605-Norpoint-Way-NE-98422/home/2632405,NWMLS,1665843,N,Y,47.286922,-122.3830735
MLS Listing,,Townhouse,1420 E 47th St Lot 3-10,Tacoma,WA,98404,369950,3,2.5,East Tacoma,1648,3250,2020,5,224,,Active,,,http://www.redfin.com/WA/Tacoma/1420-E-47th-St-98404/home/125644062,NWMLS,1649027,N,Y,47.214148,-122.4092539
MLS Listing,,Single Family Residential,4079 Sawtooth Ct,Gig Harbor,WA,98332,649500,4,2.5,Gig Harbor North,3113,4800,2018,5,209,52,Active,,,http://www.redfin.com/WA/Gig-Harbor/4079-SAWTOOTH-Ct-98332/home/143256669,NWMLS,1669273,N,Y,47.3560687,-122.5926996
MLS Listing,,Single Family Residential,2203 94th (Lot 10) Av Ct E,Edgewood,WA,98371,691000,3,3,Edgewood,2437,6690,2020,5,284,73,Active,,,http://www.redfin.com/WA/Puyallup/2203-10th-Avenue-Ct-NW-98371/home/173291752,NWMLS,1669255,N,Y,47.237274,-122.303496
MLS Listing,,Single Family Residential,138 Amherst St N,Fircrest,WA,98466,529950,3,1.75,Fircrest,2345,20508,1947,5,226,,Active,,,http://www.redfin.com/WA/Fircrest/138-Amherst-St-98466/home/2957687,NWMLS,1667007,N,Y,47.2334187,-122.5070053
MLS Listing,,Mobile/Manufactured Home,921 132nd St E,Tacoma,WA,98445,250000,3,2,Brookdale,960,6500,2001,5,260,,Active,,,http://www.redfin.com/WA/Parkland/921-132nd-St-E-98445/home/3028876,NWMLS,1666669,N,Y,47.1368842,-122.4186007
MLS Listing,,Vacant Land,645 W Main St,Sumner,WA,98390,220000,0,,Downtown Sumner,,5950,,5,,,Active,,,http://www.redfin.com/WA/Sumner/645-Main-St-98390/home/3004584,NWMLS,1669183,N,Y,47.2028764,-122.2459939
MLS Listing,,Mobile/Manufactured Home,19020 81st Ave E,Puyallup,WA,98375,284900,2,2,Frederickson,1040,11016,1989,5,274,,Active,,,http://www.redfin.com/WA/Puyallup/19020-81st-Ave-E-98375/home/2960801,NWMLS,1669201,N,Y,47.0828905,-122.3220555
MLS Listing,,Single Family Residential,18507 112TH Ave E,Puyallup,WA,98374,549500,4,2.5,Lipoma Firs,3265,7144,2005,5,168,50,Active,,,http://www.redfin.com/WA/Puyallup/18507-112th-Ave-E-98374/home/3033005,NWMLS,1668988,N,Y,47.0881653,-122.2780488
MLS Listing,,Single Family Residential,4335 Fawcett Ave,Tacoma,WA,98418,329950,3,1,Tacoma,1114,5254,1924,5,296,,Active,,,http://www.redfin.com/WA/Tacoma/4335-Fawcett-Ave-98418/home/2962592,NWMLS,1667657,N,Y,47.2170362,-122.4371901
MLS Listing,,Condo/Co-op,1001 S Pearl St Unit A-3,Tacoma,WA,98465,210000,2,1,North Tacoma,912,1865,1978,5,230,347,Active,,,http://www.redfin.com/WA/Tacoma/1001-S-Pearl-St-98465/unit-A3/home/2749702,NWMLS,1668593,N,Y,47.2518046,-122.5152573
MLS Listing,,Vacant Land,16925 80th St SW,Longbranch,WA,98351,75000,0,,Longbranch,,142006,,5,,,Active,,,http://www.redfin.com/WA/Longbranch/16925-80th-St-SW-98351/home/142993472,NWMLS,1668644,N,Y,47.1853677,-122.7639296
MLS Listing,,Single Family Residential,13007 158th St Ct E,Puyallup,WA,98374,350000,3,2.5,Sunrise,1576,4441,2001,5,222,56,Active,,,http://www.redfin.com/WA/Puyallup/13007-158th-St-Ct-E-98374/home/2932500,NWMLS,1668751,N,Y,47.1121133,-122.2552956
MLS Listing,,Single Family Residential,14025 87th Ave NW,Gig Harbor,WA,98329,468999,3,1.5,Gig Harbor,1604,17860,1972,5,292,,Active,,,http://www.redfin.com/WA/Gig-Harbor/14025-87th-Ave-NW-98329/home/2403450,NWMLS,1668982,N,Y,47.3859095,-122.6545438
MLS Listing,,Single Family Residential,6105 63rd Av Ct NW,Gig Harbor,WA,98335,895000,4,3.5,Gig Harbor,3797,12632,2013,5,236,38,Active,,,http://www.redfin.com/WA/Gig-Harbor/6105-63rd-Ave-Ct-NW-98335/home/22779105,NWMLS,1654732,N,Y,47.3119729,-122.620731
MLS Listing,,Single Family Residential,4325 104th St E,Tacoma,WA,98446,615000,5,3,Summit,3144,142441,1942,5,196,,Active,,,http://www.redfin.com/WA/Tacoma/4325-104th-St-E-98446/home/2552254,NWMLS,1666845,N,Y,47.1621903,-122.3704682
MLS Listing,,Single Family Residential,605 & 607 E 34th St,Tacoma,WA,98404,409000,5,2,McKinley,2491,6500,1907,5,164,,Active,,,http://www.redfin.com/WA/Tacoma/607-E-34th-St-98404/home/173288865,NWMLS,1666479,N,Y,47.2314095,-122.423908
MLS Listing,,Vacant Land,1217 S J St,Tacoma,WA,98405,299950,0,,New Tacoma,,6500,,5,,,Active,,,http://www.redfin.com/WA/Tacoma/1217-S-J-St-98405/home/2708225,NWMLS,1669034,N,Y,47.250481,-122.4494811
MLS Listing,,Single Family Residential,10627 20th Ave S,Tacoma,WA,98444,295000,2,1,Parkland,750,5500,1950,5,393,,Active,,,http://www.redfin.com/WA/Tacoma/10627-20th-Ave-S-98444/home/2991506,NWMLS,1664771,N,Y,47.1603825,-122.4631393
MLS Listing,,Single Family Residential,5906 14th St Ct NE,Tacoma,WA,98422,445000,3,2.5,Fife Heights,2084,14300,1975,5,214,,Active,,,http://www.redfin.com/WA/Tacoma/5906-14th-St-Ct-NE-98422/home/2991354,NWMLS,1668866,N,Y,47.2710102,-122.3480301
MLS Listing,,Vacant Land,12602 84th St Ct,Anderson Island,WA,98303,125000,0,,Anderson Island,,216058,,5,,,Active,,,http://www.redfin.com/WA/Anderson-Island/12602-84th-Street-Ct-98303/home/173287017,NWMLS,1666757,N,Y,47.179382,-122.707062
MLS Listing,,Single Family Residential,908 Ryan Ave,Sumner,WA,98390,450000,3,1.75,Downtown Sumner,1944,4831,1908,5,231,,Active,,,http://www.redfin.com/WA/Sumner/908-Ryan-Ave-98390/home/2960917,NWMLS,1667099,N,Y,47.202584,-122.2396698
MLS Listing,,Single Family Residential,1613 186th St Ct E,Spanaway,WA,98387,365000,3,2.5,Spanaway,1808,4047,2000,5,202,,Active,,,http://www.redfin.com/WA/Spanaway/1613-186th-St-Ct-E-98387/home/2997108,NWMLS,1667031,N,Y,47.0877102,-122.4075019
MLS Listing,,Single Family Residential,5608 Cedarcrest St NE,Tacoma,WA,98422,574900,5,3,Fife Heights,2766,10221,1990,6,208,,Active,,,http://www.redfin.com/WA/Tacoma/5608-Cedarcrest-St-NE-98422/home/2924433,NWMLS,1668577,N,Y,47.2745043,-122.3527544
MLS Listing,,Single Family Residential,2117 S Ash St,Tacoma,WA,98405,295950,3,1,Hilltop,2560,5750,1910,6,116,,Active,,,http://www.redfin.com/WA/Tacoma/2117-S-Ash-St-98405/home/28676446,NWMLS,1668967,N,Y,47.239938,-122.4599222
MLS Listing,,Single Family Residential,10305 178th Av Ct E,Bonney Lake,WA,98391,565000,4,2.5,Sky Island,2468,10766,2007,6,229,30,Active,,,http://www.redfin.com/WA/Bonney-Lake/10305-178th-Ave-Ct-E-98391/home/12407299,NWMLS,1668313,N,Y,47.1634806,-122.1937591
MLS Listing,,Single Family Residential,17209 45th St E,Lake Tapps,WA,98391,549950,3,2.75,Bonney Lake,2100,46609,1979,6,262,,Active,,,http://www.redfin.com/WA/Lake-Tapps/17209-45th-St-E-98391/home/2696153,NWMLS,1668855,N,Y,47.2171144,-122.2003092
MLS Listing,,Single Family Residential,1656 E 34th St,Tacoma,WA,98404,275000,3,1.5,Indian Addition,1318,6500,1970,6,209,,Active,,,http://www.redfin.com/WA/Tacoma/1656-E-34th-St-98404/home/2845552,NWMLS,1668346,N,Y,47.2328435,-122.4061967
MLS Listing,,Vacant Land,2916 DELIN St,Tacoma,WA,98402,174950,0,,Tacoma,,41700,,6,,,Active,,,http://www.redfin.com/WA/Tacoma/2916-Delin-St-98402/home/144481413,NWMLS,1668011,N,Y,47.2343985,-122.4395617
MLS Listing,,Single Family Residential,3913 129th St NW,Gig Harbor,WA,98332,665000,4,2.5,Peacock Hill,2500,30492,1972,6,266,,Active,,,http://www.redfin.com/WA/Gig-Harbor/3913-129th-St-NW-98332/home/2505095,NWMLS,1667665,N,Y,47.3759076,-122.5908329
MLS Listing,,Single Family Residential,5606 90th St E,Puyallup,WA,98371,525000,3,1.5,Summit,1364,114563,1967,6,385,,Active,,,http://www.redfin.com/WA/Puyallup/5606-90th-St-E-98371/home/2682811,NWMLS,1668599,N,Y,47.1750893,-122.3542604
MLS Listing,,Single Family Residential,6708 70th St W,Lakewood,WA,98499,999000,5,4.25,Lakewood,5030,24745,1991,6,199,17,Active,,,http://www.redfin.com/WA/Lakewood/6708-70th-St-W-98499/home/2773991,NWMLS,1667776,N,Y,47.193591,-122.5274048
MLS Listing,,Mobile/Manufactured Home,526 181st St Ct E,Spanaway,WA,98387,175000,3,1.75,Spanaway,1517,,1987,6,115,,Active,,,http://www.redfin.com/WA/Spanaway/526-181st-St-Ct-E-98387/unit-24SPAN/home/3018489,NWMLS,1668783,N,Y,47.0916056,-122.4274033
MLS Listing,,Single Family Residential,3502 180th St E,Tacoma,WA,98446,399950,3,2.5,Frederickson,1620,5415,2010,6,247,25,Active,,,http://www.redfin.com/WA/Tacoma/3502-180th-St-E-98446/home/22758417,NWMLS,1668538,N,Y,47.0927123,-122.3827166
MLS Listing,,Mobile/Manufactured Home,11514 21st Ave E,Tacoma,WA,98445,89950,3,2,Parkland,1611,,1991,6,56,,Active,,,http://www.redfin.com/WA/Tacoma/11514-21st-Ave-E-98445/unit-43TACO/home/3019960,NWMLS,1668815,N,Y,47.152022,-122.4009236
MLS Listing,,Single Family Residential,38239 43rd Ave S,Auburn,WA,98001,434950,4,2,Edgewood,2090,9600,1977,6,208,,Active,,,http://www.redfin.com/WA/Auburn/38239-43rd-Ave-S-98001/home/363871,NWMLS,1668781,N,Y,47.2580213,-122.2811853
MLS Listing,,Single Family Residential,5020 152nd St E,Tacoma,WA,98446,550000,3,1.75,Brookdale,2240,51000,1976,6,246,,Active,,,http://www.redfin.com/WA/Tacoma/5020-152nd-St-E-98446/home/2816467,NWMLS,1668353,N,Y,47.117789,-122.3612245
MLS Listing,,Single Family Residential,12825 Military Rd E,Puyallup,WA,98374,479000,3,2.25,Puyallup,1928,19602,1975,6,248,,Active,,,http://www.redfin.com/WA/Puyallup/12825-Military-Rd-E-98374/home/2665596,NWMLS,1668025,N,Y,47.1393289,-122.263625
MLS Listing,,Single Family Residential,17710 72nd Ave E,Puyallup,WA,98375,348000,3,2.5,Puyallup,1717,3003,2005,6,203,35,Active,,,http://www.redfin.com/WA/Puyallup/17710-72nd-Ave-E-98375/home/3036703,NWMLS,1667492,N,Y,47.0951256,-122.3336301
MLS Listing,,Single Family Residential,11315 174th Av Ct E,Bonney Lake,WA,98391,542000,5,2.5,Bonney Lake,2476,9636,2003,6,219,30,Active,,,http://www.redfin.com/WA/Bonney-Lake/11315-174th-Ave-Ct-E-98391/home/3007990,NWMLS,1668215,N,Y,47.1534894,-122.1972314
MLS Listing,,Condo/Co-op,6402 E Side Dr NE #3,Tacoma,WA,98422,650000,2,2,Browns Point,1526,5663,1976,6,426,329,Active,,,http://www.redfin.com/WA/Tacoma/6402-E-Side-Dr-NE-98422/unit-3/home/2722629,NWMLS,1668411,N,Y,47.2975639,-122.4327171
MLS Listing,,Single Family Residential,9906 59th Av Ct E,Puyallup,WA,98373,449950,3,2.5,Puyallup,2264,10140,1975,6,199,,Active,,,http://www.redfin.com/WA/Puyallup/9906-59th-Ave-Ct-E-98373/home/23059757,NWMLS,1668645,N,Y,47.166426,-122.35066
MLS Listing,,Single Family Residential,12812 57th Ave NW,Gig Harbor,WA,98332,865950,3,3,Gig Harbor North,2670,26572,2018,6,324,,Active,,,http://www.redfin.com/WA/Gig-Harbor/12812-57th-Ave-NW-98332/home/23051889,NWMLS,1666612,N,Y,47.375175,-122.6140668
MLS Listing,,Single Family Residential,101 Point Fosdick Cir NW,Gig Harbor,WA,98335,604900,4,2.5,Point Fosdick,2329,16200,1975,6,260,21,Active,,,http://www.redfin.com/WA/Gig-Harbor/101-Point-Fosdick-Cir-NW-98335/home/2854359,NWMLS,1667593,N,Y,47.2613321,-122.5902716
MLS Listing,,Single Family Residential,29523 14th Ave S,Roy,WA,98580,749500,4,2.5,Roy,3874,441829,2011,6,193,,Active,,,http://www.redfin.com/WA/Roy/29523-14th-Ave-S-98580/home/23097166,NWMLS,1664442,N,Y,46.990035,-122.449668
MLS Listing,,Single Family Residential,518 Center St W,Eatonville,WA,98328,330000,3,2.5,Eatonville,1343,6000,2008,6,246,,Active,,,http://www.redfin.com/WA/Eatonville/518-Center-St-W-98328/home/16888429,NWMLS,1668611,N,Y,46.8682746,-122.2741128
MLS Listing,,Vacant Land,State Route 706 E,Ashford,WA,98304,29990,0,,Ashford,,16500,,6,,,Active,,,http://www.redfin.com/WA/Ashford/Unknown-Unknown/home/173277883,NWMLS,1668632,N,Y,46.759149,-122.047198
MLS Listing,,Single Family Residential,23205 60th St E,Buckley,WA,98321,849000,4,2.5,East of Lake Tapps,3215,48956,1999,6,264,80,Active,,,http://www.redfin.com/WA/Buckley/23205-60th-St-E-98321/home/2953342,NWMLS,1668412,N,Y,47.2033808,-122.1196159
MLS Listing,,Vacant Land,27627 State Route 706 E,Ashford,WA,98304,29990,0,,Ashford,,14375,,6,,,Active,,,http://www.redfin.com/WA/Ashford/27627-WA-706-98304/home/22783642,NWMLS,1668612,N,Y,46.756591,-122.0668881
MLS Listing,,Single Family Residential,5434 McDacer Ave,Tacoma,WA,98404,389000,6,2,Se Tacoma,2104,8250,1944,6,185,,Active,,,http://www.redfin.com/WA/Tacoma/5434-McDacer-Ave-98404/home/2980080,NWMLS,1668428,N,Y,47.2067242,-122.4294895
MLS Listing,,Single Family Residential,11307 65th Ave,Gig Harbor,WA,98332,707000,3,2.5,North Rosedale,2720,10250,2004,6,260,69,Active,,,http://www.redfin.com/WA/Gig-Harbor/11307-65th-Ave-NW-98332/home/3028081,NWMLS,1666032,N,Y,47.3616401,-122.6242748
MLS Listing,,Single Family Residential,12414 109th Av Ct E,Puyallup,WA,98374,370000,3,1.5,Puyallup,1290,8712,1969,6,287,,Active,,,http://www.redfin.com/WA/Puyallup/12414-109th-Ave-Ct-E-98374/home/2664022,NWMLS,1668492,N,Y,47.1433147,-122.2833725
MLS Listing,,Single Family Residential,6001 187th Ave E,Bonney Lake,WA,98391,900000,4,4,Lakeridge,3619,43995,2000,6,249,,Active,,,http://www.redfin.com/WA/Bonney-Lake/6001-187th-Ave-E-98391/home/170548897,NWMLS,1667945,N,Y,47.2027779,-122.1809608
MLS Listing,,Single Family Residential,9405 28th St Ct E,Edgewood,WA,98371,420000,3,1.5,Edgewood,1626,17631,1960,6,258,,Active,,,http://www.redfin.com/WA/Edgewood/9405-28th-St-Ct-E-98371/home/2673308,NWMLS,1668194,N,Y,47.2317684,-122.3043654
MLS Listing,,Single Family Residential,16816 124th Av Ct E,Puyallup,WA,98374,579900,5,3.5,South Hill,3302,4978,2020,6,176,75,Active,,,http://www.redfin.com/WA/Puyallup/16816-124th-Ave-Ct-E-98374/home/52353860,NWMLS,1668447,N,Y,47.1030021,-122.2640187
MLS Listing,,Single Family Residential,16807 124th Av Ct E,Puyallup,WA,98374,589900,4,2.5,South Hill,3040,6858,2020,6,194,75,Active,,,http://www.redfin.com/WA/South-Hill/16807-124th-Ave-Ct-E-98374/home/52353926,NWMLS,1667973,N,Y,47.103416,-122.263057
MLS Listing,,Single Family Residential,10543 191st St E,Puyallup,WA,98374,460000,5,2.75,Lipoma Firs,2566,4000,2018,6,179,40,Active,,,http://www.redfin.com/WA/Puyallup/10543-191st-St-E-98374/home/142983792,NWMLS,1665007,N,Y,47.0831703,-122.2880358
MLS Listing,,Single Family Residential,333 Berkeley Ave,Fircrest,WA,98466,399599,2,1,Fircrest,964,6050,1948,6,415,,Active,,,http://www.redfin.com/WA/Fircrest/333-Berkeley-Ave-98466/home/2957183,NWMLS,1662580,N,Y,47.2384657,-122.513753
MLS Listing,,Single Family Residential,11610 3rd Av Ct E,Tacoma,WA,98445,319000,4,2.5,Tacoma,2082,3850,2008,6,153,75,Active,,,http://www.redfin.com/WA/Tacoma/11610-3rd-Ave-Ct-E-98445/home/17384370,NWMLS,1667863,N,Y,47.1507382,-122.4270892
MLS Listing,,Townhouse,2412 Milton Way Unit D,Milton,WA,98354,280000,2,2.5,Surprise Lake,1116,3210,1992,6,251,345,Active,,,http://www.redfin.com/WA/Milton/2412-Milton-Way-98354/unit-D/home/11886735,NWMLS,1667525,N,Y,47.2511532,-122.301204
MLS Listing,,Vacant Land,10623 107th St Ct,Anderson Island,WA,98303,17000,0,,Lake Josephine,,9800,,6,,,Active,,,http://www.redfin.com/WA/Anderson-Island/10623-107th-St-Ct-98303/home/21653126,NWMLS,1667542,N,Y,47.160267,-122.6811331
MLS Listing,,Single Family Residential,11709 209th St E,Graham,WA,98338,470000,3,2.5,Graham,3057,12150,2003,6,154,23,Active,,,http://www.redfin.com/WA/Graham/11709-209th-St-E-98338/home/3006368,NWMLS,1667497,N,Y,47.0669939,-122.2745547
MLS Listing,,Multi-Family (5+ Unit),215 23rd Ave SW Unit 1-15,Puyallup,WA,98371,4100000,14,11.5,Puyallup,,38333,2003,6,,,Active,,,http://www.redfin.com/WA/Puyallup/215-23rd-Ave-SW-98371/unit-1-15/home/173275395,NWMLS,1666266,N,Y,47.170048,-122.29552
MLS Listing,,Townhouse,6463 James Ave SE Unit 10D,Auburn,WA,98092,404950,3,2.5,Lakeland,1770,5452,2004,6,229,443,Active,,,http://www.redfin.com/WA/Auburn/6463-James-Ave-SE-98092/unit-10D/home/3033137,NWMLS,1668271,N,Y,47.2503,-122.214064
MLS Listing,,Single Family Residential,6511 255th St Ct E,Graham,WA,98338,485000,3,2,Indian Springs,2165,23522,1983,6,224,,Active,,,http://www.redfin.com/WA/Graham/6511-255th-St-Ct-E-98338/home/2847283,NWMLS,1667746,N,Y,47.0251736,-122.3446143
MLS Listing,,Single Family Residential,4021 Pinehurst Dr NE,Tacoma,WA,98422,549950,4,2.5,Ne Tacoma,2087,12777,1998,6,264,,Active,,,http://www.redfin.com/WA/Tacoma/4021-Pinehurst-Dr-NE-98422/home/2864695,NWMLS,1659310,N,Y,47.2878281,-122.3926583
MLS Listing,,Mobile/Manufactured Home,1906 138th St Ct E #148,Tacoma,WA,98445,185000,3,2,Brookdale,1352,,1998,6,137,,Active,,,http://www.redfin.com/WA/Tacoma/1906-138th-Street-Ct-E-98445/unit-148/home/173274370,NWMLS,1667742,N,Y,47.1310718,-122.4043883
MLS Listing,,Townhouse,6018 N 15th St Unit E-107,Tacoma,WA,98406,275000,3,1.5,Highlands,1177,,1977,6,234,395,Active,,,http://www.redfin.com/WA/Tacoma/6018-N-15th-St-98406/unit-E107/home/2836701,NWMLS,1668340,N,Y,47.2635549,-122.5173325
MLS Listing,,Single Family Residential,924 7th Ave NW,Puyallup,WA,98371,405000,3,1.5,Puyallup Valley,1648,8480,1956,7,246,,Active,,,http://www.redfin.com/WA/Puyallup/924-7th-Ave-NW-98371/home/2852452,NWMLS,1667518,N,Y,47.1970535,-122.3067154
MLS Listing,,Single Family Residential,53 Puget Dr,Steilacoom,WA,98388,950000,4,2.5,Madrona Park,3173,9900,1984,7,299,,Active,,,http://www.redfin.com/WA/Steilacoom/53-Puget-Dr-98388/home/2907220,NWMLS,1662229,N,Y,47.1805095,-122.5856023
MLS Listing,,Single Family Residential,3652 67th Ave W,University Place,WA,98466,359600,3,1,University Place,1308,10500,1960,7,275,,Active,,,http://www.redfin.com/WA/University-Place/3652-67th-Ave-W-98466/home/2990721,NWMLS,1668199,N,Y,47.2253552,-122.5266228
MLS Listing,,Single Family Residential,6713 79th St W,Lakewood,WA,98499,699500,4,2.5,Lakewood,2614,56700,1967,7,268,,Active,,,http://www.redfin.com/WA/Tacoma/6713-79th-St-W-98499/home/2477031,NWMLS,1667629,N,Y,47.1859971,-122.5274876
MLS Listing,,Single Family Residential,1512 Hemlock Ct,Milton,WA,98354,539950,4,2.75,Milton,2606,9007,2002,7,207,,Active,,,http://www.redfin.com/WA/Milton/1512-Hemlock-Ct-98354/home/3005356,NWMLS,1667959,N,Y,47.2517835,-122.3127185
MLS Listing,,Single Family Residential,16506 39th St Ct E,Lake Tapps,WA,98391,549950,4,2.5,Lake Tapps,1967,16554,1990,7,280,,Active,,,http://www.redfin.com/WA/Lake-Tapps/16506-39th-St-Ct-E-98391/home/2850292,NWMLS,1660759,N,Y,47.2209519,-122.209404
MLS Listing,,Single Family Residential,1941 Hammond Ave,Dupont,WA,98327,415000,3,2.5,Dupont,2120,5750,1998,7,196,37,Active,,,http://www.redfin.com/WA/DuPont/1941-Hammond-Ave-98327/home/2761062,NWMLS,1659928,N,Y,47.0997998,-122.6401021
MLS Listing,,Single Family Residential,4909 240th St E,Graham,WA,98338,590000,4,2.75,Bethel,3604,43234,1974,7,164,,Active,,,http://www.redfin.com/WA/Graham/4909-240th-St-E-98338/home/2541650,NWMLS,1667401,N,Y,47.039234,-122.36379
MLS Listing,,Single Family Residential,9215 72nd Ave NW,Gig Harbor,WA,98332,1650000,4,4,Rosedale,6488,218236,2005,7,254,,Active,,,http://www.redfin.com/WA/Gig-Harbor/9215-72nd-Ave-NW-98332/home/3034047,NWMLS,1663490,N,Y,47.341476,-122.6328579
MLS Listing,,Single Family Residential,8201 Spruce St SW,Lakewood,WA,98498,525000,6,3.5,Tillicum,3290,14200,1960,7,160,,Active,,,http://www.redfin.com/WA/Tacoma/8201-Spruce-St-SW-98498/home/2721642,NWMLS,1666257,N,Y,47.1269497,-122.5453488
MLS Listing,,Single Family Residential,4537 S Sheridan Ave,Tacoma,WA,98418,219000,2,1,Tacoma,898,6500,1900,7,244,,Active,,,http://www.redfin.com/WA/Tacoma/4537-S-Sheridan-Ave-98418/home/2979205,NWMLS,1668042,N,Y,47.215438,-122.4520596
MLS Listing,,Single Family Residential,615 N Howard St,Tacoma,WA,98406,415000,4,1.75,Highlands,2064,7150,1946,7,201,,Active,,,http://www.redfin.com/WA/Tacoma/615-N-Howard-St-98406/home/2834875,NWMLS,1661819,N,Y,47.2561411,-122.5296506
MLS Listing,,Single Family Residential,9208 Moreland Ave SW,Lakewood,WA,98498,584990,5,2.5,Lakewood,2707,5871,2020,7,216,,Active,,,http://www.redfin.com/WA/Lakewood/9208-Moreland-Ave-SW-98498/home/172914620,NWMLS,1665829,N,Y,47.1494399,-122.5596642
MLS Listing,,Single Family Residential,418 Sumner Ave,Sumner,WA,98390,575000,3,3.25,Downtown Sumner,2561,10400,1910,7,225,,Active,,,http://www.redfin.com/WA/Sumner/418-Sumner-Ave-98390/home/2983721,NWMLS,1667133,N,Y,47.1975972,-122.2389294
MLS Listing,,Single Family Residential,418 420 Sumner Ave,Sumner,WA,98390,925000,5,4.25,Downtown Sumner,3412,17232,1910,7,271,,Active,,,http://www.redfin.com/WA/Sumner/418-420-Sumner-Ave-98390/home/173303920,NWMLS,1667135,N,Y,47.1975972,-122.2389294
MLS Listing,,Single Family Residential,2134 13th St SW,Puyallup,WA,98371,575000,3,2.5,Puyallup,2828,10400,1991,7,203,,Active,,,http://www.redfin.com/WA/Puyallup/2134-13th-St-SW-98371/home/2925255,NWMLS,1667647,N,Y,47.1713919,-122.309222
MLS Listing,,Townhouse,10227 Lexington Ave SW,Lakewood,WA,98499,449950,4,2.5,Lakewood,1699,3512,2020,7,265,,Active,,,http://www.redfin.com/WA/Tacoma/10227-Lexington-Ave-SW-98499/home/2888436,NWMLS,1667241,N,Y,47.164076,-122.522647
MLS Listing,,Single Family Residential,22112 70th Ave E,Graham,WA,98387,899950,3,3,Graham,2594,204947,2021,7,347,,Active,,,http://www.redfin.com/WA/Graham/22112-70th-Ave-E-98338/home/173269221,NWMLS,1663714,N,Y,47.0538311,-122.3374611
MLS Listing,,Single Family Residential,5909 Panorama Dr SE Unit 5-103,Auburn,WA,98092,394999,3,2.25,Lakeland,1770,5791,2005,7,223,447,Active,,,http://www.redfin.com/WA/Auburn/5909-Panorama-Dr-SE-98092/unit-5-103/home/3040247,NWMLS,1667805,N,Y,47.255078,-122.216995
MLS Listing,,Single Family Residential,9411 137th St E,Puyallup,WA,98375,449900,4,2.5,South Hill,1799,13493,1992,7,250,57,Active,,,http://www.redfin.com/WA/Puyallup/9411-137th-St-E-98373/home/2925380,NWMLS,1667791,N,Y,47.132224,-122.3028929
MLS Listing,,Single Family Residential,1210 Williams Ct NW,Orting,WA,98360,435000,3,2.5,Orting,2174,7841,2002,7,200,,Active,,,http://www.redfin.com/WA/Orting/1210-Williams-Ct-NW-98360/home/2999323,NWMLS,1666434,N,Y,47.1106707,-122.2338566
MLS Listing,,Vacant Land,40 -XX SR 702 S,Roy,WA,98580,98000,0,,Roy,,189050,,7,,,Active,,,http://www.redfin.com/WA/Roy/40-XX-SR-702-S-98580/home/173268203,NWMLS,1652160,N,Y,46.938425,-122.485363
MLS Listing,,Condo/Co-op,1501 Tacoma Ave S #408,Tacoma,WA,98402,312000,1,1,Central Tacoma,905,318,2006,7,345,325,Active,,,http://www.redfin.com/WA/Tacoma/1501-Tacoma-Ave-S-98402/unit-408/home/11887048,NWMLS,1664642,N,Y,47.2483874,-122.443039
MLS Listing,,Single Family Residential,9017 S M,Tacoma,WA,98444,429000,4,2.5,Tacoma,2500,6069,2001,7,172,,Active,,,http://www.redfin.com/WA/Tacoma/9017-S-M-St-98444/home/2998807,NWMLS,1664325,N,Y,47.1752505,-122.4501062
MLS Listing,,Vacant Land,258 Easton Ave,Eatonville,WA,98328,59000,0,,Eatonville,,10179,,8,,,Active,,,http://www.redfin.com/WA/Eatonville/258-Easton-Ave-W-98328/home/172611405,NWMLS,1667536,N,Y,46.8616941,-122.2791365
MLS Listing,,Vacant Land,233 Skylar Way,Eatonville,WA,98328,56000,0,,Eatonville,,44668,,8,,,Active,,,http://www.redfin.com/WA/Eatonville/233-Skylar-Way-98328/home/11897514,NWMLS,1667535,N,Y,46.862541,-122.276312
MLS Listing,,Single Family Residential,1206 Nunnally Ave NW,Orting,WA,98360,449000,3,2.5,Village Green,2676,7712,2002,8,168,30,Active,,,http://www.redfin.com/WA/Orting/1206-Nunnally-Ave-NW-98360/home/3005527,NWMLS,1667423,N,Y,47.110766,-122.2272886
MLS Listing,,Multi-Family (2-4 Unit),2068 E 56th St Unit 1-4,Tacoma,WA,98404,680000,8,4,Tacoma,3100,12249,1986,8,219,,Active,,,http://www.redfin.com/WA/Tacoma/2068-E-56th-St-98404/unit-1-4/home/105507436,NWMLS,1667172,N,Y,47.2060515,-122.4004704
MLS Listing,,Single Family Residential,7536 McKinley Ave E,Tacoma,WA,98404,550000,3,1.5,Larchmont,1624,38940,1965,8,339,,Active,,,http://www.redfin.com/WA/Tacoma/7536-E-McKinley-Ave-98404/home/2608624,NWMLS,1666933,N,Y,47.1876592,-122.421667
MLS Listing,,Single Family Residential,2516 54th Ave NE,Tacoma,WA,98422,330000,3,1,Ne Tacoma,1055,7000,1983,8,313,,Active,,,http://www.redfin.com/WA/Tacoma/2516-54th-Ave-NE-98422/home/2937250,NWMLS,1667460,N,Y,47.2798738,-122.3756892
MLS Listing,,Multi-Family (2-4 Unit),9801 Sheridan Ave S,Tacoma,WA,98444,550000,6,2,Tacoma,2208,85378,1928,8,249,,Active,,,http://www.redfin.com/WA/Tacoma/9801-S-Sheridan-Ave-98444/home/2556646,NWMLS,1667462,N,Y,47.1681909,-122.4522773
MLS Listing,,Single Family Residential,20405 Diamondhead Ln E,Orting,WA,98360,924990,4,3.5,The Buttes,4066,84167,2020,8,227,,Active,,,http://www.redfin.com/WA/Orting/20405-Diamondhead-Ln-E-98360/home/17909115,NWMLS,1667094,N,Y,47.071817,-122.179477
MLS Listing,,Single Family Residential,14117 63rd Ave E,Puyallup,WA,98373,559950,4,2.5,Puyallup,3232,5000,2017,8,173,38,Active,,,http://www.redfin.com/WA/Puyallup/14117-63rd-Ave-E-98373/home/69366308,NWMLS,1666975,N,Y,47.1276514,-122.3450399
MLS Listing,,Single Family Residential,214th Ave E,Bonney Lake,WA,98391,624950,3,2.25,Bonney Lake,2474,17860,2021,8,253,,Active,,,http://www.redfin.com/WA/Bonney-Lake/214th-Ave-E-98391/home/22774927,NWMLS,1666898,N,Y,47.155467,-122.144789
MLS Listing,,Mobile/Manufactured Home,5215 70th Ave E #14,Puyallup,WA,98371,25000,2,1,Puyallup,604,,1966,8,41,,Active,,,http://www.redfin.com/WA/Puyallup/5215-70th-Ave-E-98371/unit-14/home/173258752,NWMLS,1664299,N,Y,47.2095894,-122.336042
MLS Listing,,Single Family Residential,1026 Fir Park Ln,Fircrest,WA,98466,429000,3,1.5,Fircrest,1300,9240,1955,8,330,,Active,,,http://www.redfin.com/WA/Fircrest/1026-Fir-Park-Ln-98466/home/2796307,NWMLS,1666351,N,Y,47.2303086,-122.5173296
MLS Listing,,Single Family Residential,2218 (Lot 16) 49th St Ct NW,Gig Harbor,WA,98335,881450,3,2.5,Gig Harbor,3561,7841,2020,8,248,65,Active,,,http://www.redfin.com/WA/Gig-Harbor/2218-48th-St-Ct-NW-98335/home/167443233,NWMLS,1664245,N,Y,47.3018804,-122.5695578
MLS Listing,,Single Family Residential,8438 S D St,Tacoma,WA,98444,319999,4,2,Tacoma,1300,7000,1924,8,246,,Active,,,http://www.redfin.com/WA/Tacoma/8438-S-D-St-98444/home/21695151,NWMLS,1666176,N,Y,47.1795699,-122.4370132
MLS Listing,,Single Family Residential,18303 59th St Ct E,Lake Tapps,WA,98391,410300,3,2.5,Bonney Lake,2192,22216,1998,8,187,,Active,,,http://www.redfin.com/WA/Lake-Tapps/18303-59th-St-Ct-E-98391/home/2698088,NWMLS,1667141,N,Y,47.2037298,-122.1855661
MLS Listing,,Single Family Residential,2481 (Lot 15) 48th St Ct NW,Gig Harbor,WA,98335,888950,3,4.5,Gig Harbor,3730,8015,2021,8,238,65,Active,,,http://www.redfin.com/WA/Gig-Harbor/2481-48th-Street-Ct-98335/home/173256365,NWMLS,1663912,N,Y,47.3022212,-122.5854702
MLS Listing,,Single Family Residential,18109 22nd St Ct E,Lake Tapps,WA,98391,899500,1,0.75,Lake Tapps,848,14000,1976,8,1061,,Active,,,http://www.redfin.com/WA/Lake-Tapps/18109-22nd-St-Ct-E-98391/home/2889837,NWMLS,1666418,N,Y,47.2393335,-122.1927554
MLS Listing,,Single Family Residential,9314 Moreland Ave SW,Lakewood,WA,98498,609990,4,2.5,Lakewood,2832,6393,2020,8,215,,Active,,,http://www.redfin.com/WA/Lakewood/9314-Moreland-Ave-SW-98498/home/172914628,NWMLS,1666519,N,Y,47.1494399,-122.5596642
MLS Listing,,Single Family Residential,10717 59th Ave E,Puyallup,WA,98373,599950,4,2.75,Puyallup,2498,93654,2001,8,240,,Active,,,http://www.redfin.com/WA/Puyallup/10717-59th-Ave-E-98373/home/2997795,NWMLS,1665589,N,Y,47.1584988,-122.3503503
MLS Listing,,Townhouse,4802 Nassau Ave NE #192,Tacoma,WA,98422,339950,3,2.5,Tacoma,1405,,1998,8,242,344,Active,,,http://www.redfin.com/WA/Tacoma/4802-Nassau-Ave-NE-98422/unit-192/home/2983030,NWMLS,1666724,N,Y,47.2979235,-122.4034829
MLS Listing,,Single Family Residential,418 Comet St Unit C,Milton,WA,98354,475000,3,2,Milton,1576,5455,2020,8,301,,Active,,,http://www.redfin.com/WA/Milton/418-Comet-St-98354/unit-C/home/167480219,NWMLS,1664573,N,Y,47.255422,-122.329037
MLS Listing,,Single Family Residential,7112 Sapphire Ct SW,Lakewood,WA,98498,646000,4,2.75,Oakbrook,3354,14255,1969,8,193,,Active,,,http://www.redfin.com/WA/Lakewood/7112-Sapphire-Ct-SW-98498/home/2938650,NWMLS,1663115,N,Y,47.1919628,-122.5438882
MLS Listing,,Single Family Residential,10313 Interlaaken Dr SW,Lakewood,WA,98498,1050000,3,2.75,Lakewood,3514,11761,1991,8,299,,Active,,,http://www.redfin.com/WA/Lakewood/10313-Interlaaken-Dr-SW-98498/home/2848474,NWMLS,1666966,N,Y,47.164664,-122.541583
MLS Listing,,Single Family Residential,12926 170th St Ct E,Puyallup,WA,98374,425000,3,2.5,Sunrise,1700,7974,1999,8,250,57,Active,,,http://www.redfin.com/WA/Puyallup/12926-170th-St-Ct-E-98374/home/2932235,NWMLS,1666943,N,Y,47.1008351,-122.2565063
MLS Listing,,Vacant Land,18520 250th Ave E,Orting,WA,98360,240000,0,,Crocker,,931748,,8,,,Active,,,http://www.redfin.com/WA/Orting/18520-182nd-St-E-98360/home/113215311,NWMLS,1666309,N,Y,47.0917425,-122.1575809
MLS Listing,,Mobile/Manufactured Home,6009 90th St Ct E #107,Puyallup,WA,98371,254950,3,2,Puyallup,1771,,2000,9,144,,Active,,,http://www.redfin.com/WA/Puyallup/6009-90th-Street-Ct-E-98371/unit-107/home/173242265,NWMLS,1666920,N,Y,47.1751171,-122.3490973
MLS Listing,,Single Family Residential,2542 53rd Ave NE,Tacoma,WA,98422,899950,3,1.5,Ne Tacoma,1800,216929,1957,9,500,,Active,,,http://www.redfin.com/WA/Tacoma/2542-53rd-Ave-NE-98422/home/2633538,NWMLS,1666437,N,Y,47.2808363,-122.3773553
MLS Listing,,Single Family Residential,4534 Olympus Lp #24,Gig Harbor,WA,98332,669995,5,2.75,Gig Harbor North,2886,5700,2020,9,232,50,Active,,,http://www.redfin.com/WA/Gig-Harbor/4534-Olympus-Loop-98332/unit-24/home/173238072,NWMLS,1666784,N,Y,47.365812,-122.599599
MLS Listing,,Single Family Residential,119 178Th Ave E,Lake Tapps,WA,98391,600000,3,1.75,Lake Tapps,1920,108108,1981,9,313,17,Active,,,http://www.redfin.com/WA/Lake-Tapps/119-178th-Ave-E-98391/home/2695021,NWMLS,1661791,N,Y,47.256148,-122.191475
MLS Listing,,Single Family Residential,10007 Lake Steilacoom Dr SW,Lakewood,WA,98498,1750000,4,1.75,Lake Steilacoom,2375,73996,1931,9,737,,Active,,,http://www.redfin.com/WA/Tacoma/10007-Lake-Steilacoom-Dr-SW-98498/home/2438093,NWMLS,1660417,N,Y,47.166368,-122.5442261
MLS Listing,,Single Family Residential,33907 SE 74th Ave,Roy,WA,98580,475000,4,2.75,Roy,2100,109336,1993,9,226,,Active,,,http://www.redfin.com/WA/Roy/33907-74th-Ave-S-98580/home/2429970,NWMLS,1666672,N,Y,46.9491639,-122.5287341
MLS Listing,,Single Family Residential,2218 56th St SE,Auburn,WA,98092,490000,3,2.5,Lakeland,1798,4800,2013,9,273,,Active,,,http://www.redfin.com/WA/Auburn/2218-56th-St-SE-98092/home/28581935,NWMLS,1666678,N,Y,47.258531,-122.200713
MLS Listing,,Single Family Residential,4820 S Sheridan Ave,Tacoma,WA,98408,250000,2,1,South Tacoma,852,4992,1919,9,293,,Active,,,http://www.redfin.com/WA/Tacoma/4820-S-Sheridan-Ave-98408/home/2841927,NWMLS,1666345,N,Y,47.2130635,-122.4527105
MLS Listing,,Single Family Residential,2502 190th St Ct E,Tacoma,WA,98445,463000,5,2.5,Spanaway,2596,6422,2012,9,178,,Active,,,http://www.redfin.com/WA/Tacoma/2502-190th-St-Ct-E-98445/home/22767150,NWMLS,1666575,N,Y,47.0832784,-122.3959245
MLS Listing,,Townhouse,13157 175th Ave E Unit M-6,Bonney Lake,WA,98391,359950,3,2.5,Tehaleh,1742,1742,2021,9,207,318,Active,,,http://www.redfin.com/WA/Bonney-Lake/13157-175th-Ave-E-98391/unit-M-6/home/173206991,NWMLS,1666602,N,Y,47.1253,-122.198
MLS Listing,,Single Family Residential,9344 Moreland Ave SW,Lakewood,WA,98498,569990,4,2.5,Lakewood,2621,6844,2020,9,217,,Active,,,http://www.redfin.com/WA/Lakewood/9344-Moreland-Ave-SW-98498/home/172914634,NWMLS,1666492,N,Y,47.1494399,-122.5596642
MLS Listing,,Single Family Residential,6421 Wildaire Rd SW,Lakewood,WA,98499,749950,3,2,Lakewood,2488,15029,2020,9,301,,Active,,,http://www.redfin.com/WA/Lakewood/6421-Wildaire-Rd-SW-98499/home/105630398,NWMLS,1665861,N,Y,47.1609257,-122.5240582
MLS Listing,,Vacant Land,5920 416th St E,Eatonville,WA,98328,149900,0,,Eatonville,,217800,,9,,,Active,,,http://www.redfin.com/WA/Eatonville/5920-416th-St-E-98328/home/17506597,NWMLS,1666510,N,Y,46.876928,-122.35347
MLS Listing,,Vacant Land,40th Ave S,Roy,WA,98580,125000,0,,Roy,,435600,,9,,,Active,,,http://www.redfin.com/WA/Unknown/40th-Ave-S-98580/home/23078587,NWMLS,1666429,N,Y,46.928838,-122.484783
MLS Listing,,Single Family Residential,6235 S Warner St,Tacoma,WA,98409,279000,2,1,South Tacoma,738,6000,1922,9,378,,Active,,,http://www.redfin.com/WA/Tacoma/6235-S-Warner-St-98409/home/2933778,NWMLS,1666398,N,Y,47.1997526,-122.4808047
MLS Listing,,Single Family Residential,8710 184th Street Ct E,Puyallup,WA,98375,539000,4,2.5,Silver Creek,3444,6000,2008,9,157,50,Active,,,http://www.redfin.com/WA/Puyallup/8710-184th-St-Ct-E-98375/home/16889254,NWMLS,1666371,N,Y,47.0884127,-122.3135475
MLS Listing,,Single Family Residential,2928 63rd Pl SE Lot 5,Auburn,WA,98092,779950,5,2.75,Lakeland,3421,9596,2020,9,228,57,Active,,,http://www.redfin.com/WA/Auburn/2928-63rd-Pl-SE-98092/unit-5/home/172707421,NWMLS,1666388,N,Y,47.250949,-122.190201
MLS Listing,,Condo/Co-op,8335 Zircon Dr SW Unit A-14,Lakewood,WA,98498,169000,2,1.75,Oakbrook,916,2743,1973,10,184,361,Active,,,http://www.redfin.com/WA/Lakewood/8335-Zircon-Dr-SW-98498/unit-A-14/home/2735957,NWMLS,1665870,N,Y,47.1940857,-122.5488225
MLS Listing,,Single Family Residential,313 S Sergeant St #127,Buckley,WA,98321,506359,4,2.75,Buckley,2879,6000,2020,10,176,46,Active,,,http://www.redfin.com/WA/Buckley/313-S-Sergeant-St-98321/unit-127/home/173226026,NWMLS,1666161,N,Y,47.1594005,-122.0133284
MLS Listing,,Single Family Residential,513 21st Av Ct E,Milton,WA,98354,482000,4,3,Milton,1851,11419,1998,10,260,,Active,,,http://www.redfin.com/WA/Milton/513-21st-Ave-Ct-E-98354/home/2929797,NWMLS,1665791,N,Y,47.2524334,-122.3071515
MLS Listing,,Single Family Residential,8210 20th St Ct E #31,Edgewood,WA,98371,544995,4,2.5,Edgewood,2297,7723,2021,10,237,,Active,,,http://www.redfin.com/WA/Edgewood/8210-20th-Street-Ct-E-98371/unit-31/home/173225905,NWMLS,1666251,N,Y,47.2383292,-122.3199229
MLS Listing,,Single Family Residential,1210 S Ferry St,Tacoma,WA,98405,349900,1,1,Central Tacoma,1262,3500,1912,10,277,,Active,,,http://www.redfin.com/WA/Tacoma/1210-S-Ferry-St-98405/home/103968424,NWMLS,1666235,N,Y,47.2497899,-122.4645393
MLS Listing,,Multi-Family (2-4 Unit),509 10th St SE Unit A-B,Puyallup,WA,98372,599950,6,4,Downtown,2274,16289,1994,10,264,,Active,,,http://www.redfin.com/WA/Puyallup/509A509B-10th-St-SE-98372/unit-A-B/home/173225391,NWMLS,1664951,N,Y,47.1877859,-122.280598
MLS Listing,,Single Family Residential,1518 S G St,Tacoma,WA,98405,330000,2,2,New Tacoma,1053,3250,2003,10,313,,Active,,,http://www.redfin.com/WA/Tacoma/1518-S-G-St-98405/home/2709158,NWMLS,1666197,N,Y,47.2477786,-122.4452513
MLS Listing,,Single Family Residential,19026 132nd (Lot 67) St E,Bonney Lake,WA,98391,385000,3,1.5,Tehaleh,1470,2975,2020,11,262,68,Active,,,http://www.redfin.com/WA/Bonney-Lake/19026-132nd-St-E-98391/home/170228153,NWMLS,1666122,N,Y,47.1365247,-122.1398002
MLS Listing,,Single Family Residential,307 Calistoga St E,Orting,WA,98360,319900,3,1,In Town,1011,10458,1976,11,316,,Active,,,http://www.redfin.com/WA/Orting/307-Calistoga-St-E-98360/home/2788705,NWMLS,1665980,N,Y,47.0999396,-122.2012971
MLS Listing,,Single Family Residential,4904 52nd Av Ct W,University Place,WA,98467,609000,5,2.75,University Place,2886,4900,2018,11,211,48,Active,,,http://www.redfin.com/WA/University-Place/4904-52nd-Ave-Ct-W-98467/home/112479649,NWMLS,1662230,N,Y,47.2127741,-122.5072386
MLS Listing,,Single Family Residential,24105 68th Ave E,Graham,WA,98338,464950,3,2.25,Graham,1932,22500,1978,11,241,,Active,,,http://www.redfin.com/WA/Graham/24105-68th-Ave-E-98338/home/2847092,NWMLS,1666000,N,Y,47.0377409,-122.340249
MLS Listing,,Single Family Residential,1513 5th Ave SE,Puyallup,WA,98372,364900,3,1.75,Puyallup,1200,5600,1944,12,304,,Active,,,http://www.redfin.com/WA/Puyallup/1513-5th-Ave-SE-98372/home/2972025,NWMLS,1655918,N,Y,47.1883186,-122.2740843
MLS Listing,,Single Family Residential,243rd (Lot 1) St E,Graham,WA,98338,559000,3,2,Graham,2054,135472,2020,12,272,,Active,,,http://www.redfin.com/WA/Graham/243rd-St-E-98338/home/22761273,NWMLS,1661147,N,Y,47.036025,-122.213036
MLS Listing,,Single Family Residential,4702 Caldwell Rd E,Edgewood,WA,98372,775000,3,3.25,Edgewood,3585,46174,1992,12,216,,Active,,,http://www.redfin.com/WA/Edgewood/4702-Caldwell-Rd-E-98372/home/2678492,NWMLS,1665690,N,Y,47.213675,-122.2548786
MLS Listing,,Single Family Residential,509 20th Av Ct SW,Puyallup,WA,98335,749950,5,2.75,Puyallup,3006,10456,2021,12,249,,Active,,,http://www.redfin.com/WA/Puyallup/509-20th-Avenue-Ct-SW-98371/home/173220390,NWMLS,1663690,N,Y,47.1726552,-122.3052943
MLS Listing,,Single Family Residential,3101 N Narrows Dr,Tacoma,WA,98407,600000,3,2,North Tacoma,1750,9801,1977,12,343,,Active,,,http://www.redfin.com/WA/Tacoma/3101-N-Narrows-Dr-98407/home/2923300,NWMLS,1664411,N,Y,47.2751524,-122.5234225
MLS Listing,,Vacant Land,Whiteman Rd,Longbranch,WA,98351,70000,0,,Whiteman Cove Area,,198198,,12,,,Active,,,http://www.redfin.com/WA/LONGBRANCH/WHITEMAN-RD-SW-98351/home/23064892,NWMLS,1665681,N,Y,47.225466,-122.788605
MLS Listing,,Mobile/Manufactured Home,22603 91st Av Ct E #8,Graham,WA,98338,54999,3,2,Graham,1680,,1985,12,33,,Active,,,http://www.redfin.com/WA/Graham/22603-91st-Ave-Ct-E-98338/unit-8/home/45423296,NWMLS,1663806,N,Y,47.0508647,-122.3084469
MLS Listing,,Townhouse,7320 Steilacoom Blvd SW,Lakewood,WA,98499,425000,4,3.25,Lake Steilacoom,2386,10176,1989,12,178,623,Active,,,http://www.redfin.com/WA/Lakewood/7320-Steilacoom-Blvd-SW-98499/home/2980826,NWMLS,1665524,N,Y,47.176975,-122.5348451
MLS Listing,,Single Family Residential,9202 Moreland Ave SW,Lakewood,WA,98498,549990,4,2.5,Lakewood,2533,6994,2020,12,217,,Active,,,http://www.redfin.com/WA/Lakewood/9202-Moreland-Ave-SW-98498/home/172914619,NWMLS,1665221,N,Y,47.1494399,-122.5596642
MLS Listing,,Single Family Residential,1615 Markham Ave NE,Tacoma,WA,98422,1495000,3,3.5,Dash Point,4503,11158,2007,12,332,,Active,,,http://www.redfin.com/WA/Tacoma/1615-Markham-Ave-NE-98422/home/12407859,NWMLS,1661164,N,Y,47.3186147,-122.42561
MLS Listing,,Single Family Residential,3726 Olympus Lp #15,Gig Harbor,WA,98332,649995,5,2.75,Gig Harbor North,2661,5700,2020,12,244,50,Active,,,http://www.redfin.com/WA/Gig-Harbor/3726-Olympus-Loop-98332/unit-15/home/173219805,NWMLS,1665900,N,Y,47.366952,-122.598843
MLS Listing,,Single Family Residential,1907 63rd Ave NE,Tacoma,WA,98422,499950,3,2.5,Browns Point,1618,9620,1989,12,309,,Active,,,http://www.redfin.com/WA/Tacoma/1907-63rd-Ave-NE-98422/home/2728983,NWMLS,1664660,N,Y,47.2740522,-122.3632812
MLS Listing,,Condo/Co-op,19306 75th St E Unit Unit D4,Bonney Lake,WA,98391,309000,3,2.5,Bonney Lake,1304,,2005,12,237,120,Active,,,http://www.redfin.com/WA/Bonney-Lake/19306-75th-St-E-98391/unit-D4/home/3033295,NWMLS,1665342,N,Y,47.191212,-122.1706636
MLS Listing,,Single Family Residential,15379 200th Ave E #116,Bonney Lake,WA,98391,579995,5,2.75,Bonney Lake,3008,5764,2020,12,193,60,Active,,,http://www.redfin.com/WA/Bonney-Lake/15379-200th-Ave-E-98391/unit-116/home/173219708,NWMLS,1658592,N,Y,47.1164975,-122.1629464
MLS Listing,,Single Family Residential,19807 152nd St Ct E #2,Bonney Lake,WA,98391,514995,4,2.75,Bonney Lake,2279,7256,2020,12,226,60,Active,,,http://www.redfin.com/WA/Bonney-Lake/19807-152nd-Street-Ct-E-98391/unit-2/home/173219691,NWMLS,1658581,N,Y,47.1182666,-122.1666079
MLS Listing,,Single Family Residential,19825 152nd St Ct E #6,Bonney Lake,WA,98391,519995,5,2.75,Bonney Lake,2506,6802,2020,12,208,60,Active,,,http://www.redfin.com/WA/Bonney-Lake/19825-152nd-Street-Ct-E-98391/unit-6/home/173219690,NWMLS,1658587,N,Y,47.1183924,-122.1658822
MLS Listing,,Single Family Residential,22914 96th St E,Buckley,WA,98321,799950,5,2,Bonney Lake/Buckley,2458,217800,1941,12,325,,Active,,,http://www.redfin.com/WA/Buckley/22914-96th-St-E-98321/home/2688481,NWMLS,1665519,N,Y,47.169803,-122.1250522
MLS Listing,,Single Family Residential,19030 132nd (Lot 69) St E,Bonney Lake,WA,98391,391560,2,1.5,Tehaleh,1370,2887,2020,12,286,68,Active,,,http://www.redfin.com/WA/Bonney-Lake/19030-132nd-St-E-98391/home/170228155,NWMLS,1665853,N,Y,47.1365247,-122.1398002
MLS Listing,,Single Family Residential,10610 225th Ave E,Buckley,WA,98321,549900,4,3,Buckley,2800,18503,1999,12,196,,Active,,,http://www.redfin.com/WA/Buckley/10610-225th-Ave-E-98321/home/2953907,NWMLS,1665818,N,Y,47.1600044,-122.129147
MLS Listing,,Vacant Land,49208 Alder Cutoff Rd E,Eatonville,WA,98328,180000,0,,Eatonville,,851598,,12,,,Active,,,http://www.redfin.com/WA/Eatonville/49208-Alder-Cutoff-Rd-E-98328/home/21709686,NWMLS,1665735,N,Y,46.809239,-122.269217
MLS Listing,,Townhouse,8730 59th Ave SW,Lakewood,WA,98499,400000,3,2,Lakewood,1654,6340,1996,12,242,,Active,,,http://www.redfin.com/WA/Lakewood/8730-59th-Ave-SW-98499/home/2812650,NWMLS,1662989,N,Y,47.177991,-122.516334
MLS Listing,,Vacant Land,5915 Rosedale St NW,Gig Harbor,WA,98332,350000,0,,Rosedale,,213008,,12,,,Active,,,http://www.redfin.com/WA/Gig-Harbor/5915-Rosedale-St-NW-98335/home/23066655,NWMLS,1665718,N,Y,47.331761,-122.6181539
MLS Listing,,Single Family Residential,9018 Ohop Valley Rd,Eatonville,WA,98328,525000,5,3,Eatonville,3108,87119,2000,12,169,,Active,,,http://www.redfin.com/WA/Eatonville/9018-Ohop-Valley-Rd-E-98328/home/2932439,NWMLS,1665670,N,Y,46.8768308,-122.3119087
MLS Listing,,Single Family Residential,4123 S M St,Tacoma,WA,98418,349000,3,1.75,Tacoma,1182,4810,1920,12,295,,Active,,,http://www.redfin.com/WA/Tacoma/4123-S-M-St-98418/home/2978888,NWMLS,1663586,N,Y,47.2190787,-122.4504656
MLS Listing,,Single Family Residential,20329 146th St E,Bonney Lake,WA,98391,934990,4,3.25,Bonney Lake,3534,10835,2020,12,265,,Active,,,http://www.redfin.com/WA/Bonney-Lake/20329-146th-St-E-98391/home/167461858,NWMLS,1663842,N,Y,47.122084,-122.158749
MLS Listing,,Vacant Land,23225 70th St E,Buckley,WA,98321,475000,0,,Buckley,,218236,,12,,,Active,,,http://www.redfin.com/WA/Buckley/23225-70th-St-E-98321/home/167228581,NWMLS,1665593,N,Y,47.196221,-122.120755
MLS Listing,,Single Family Residential,13410 118th St E,Puyallup,WA,98374,979950,3,3,South Hill,3865,32400,2006,12,254,,Active,,,http://www.redfin.com/WA/Puyallup/13410-118th-St-E-98374/home/2975799,NWMLS,1664013,N,Y,47.1488147,-122.2501431
MLS Listing,,Single Family Residential,3272 90th St S,Lakewood,WA,98499,495000,4,1,Lakewood,2506,51400,1924,12,198,,Active,,,http://www.redfin.com/WA/Lakewood/3272-90th-St-S-98499/home/2613268,NWMLS,1665603,N,Y,47.1752793,-122.4786783
MLS Listing,,Single Family Residential,4537 Olympus Lp #50,Gig Harbor,WA,98332,724995,5,3.25,Gig Harbor North,3376,5700,2020,12,215,50,Active,,,http://www.redfin.com/WA/Gig-Harbor/4537-Olympus-Loop-98332/unit-50/home/173215686,NWMLS,1665527,N,Y,47.366014,-122.599
MLS Listing,,Mobile/Manufactured Home,19909 113th St E,Bonney Lake,WA,98391,155000,3,1,Rhododendron,1000,7647,1965,12,155,,Active,,,http://www.redfin.com/WA/Sumner/19909-113th-St-E-98391/home/2958583,NWMLS,1665553,N,Y,47.1542939,-122.1647826
